Lieu,Nombre de maisons à vendre,Prix moyen au m2
Allaire 56350,26,2069
Allineuc 22460,9,1065
Ambon 56190,23,3064
Andel 22400,1,2800
Argol 29560,21,2829
Arradon 56610,45,5993
Arzal 56190,22,3042
Arzano 29300,6,1796
Arzon 56640,73,5858
Aucaleuc 22100,2,2048
Audierne 29770,39,2354
Augan 56800,10,2006
Auray 56400,77,3758
Baden 56870,86,5087
Bangor 56360,8,6471
Bannalec 29380,62,2179
Baud 56150,91,3920
Baye 29300,3,2205
Beganne 56350,19,2153
Begard 22140,18,2348
Beignon 56380,12,2999
Belle-Isle-En-Terre 22810,9,1411
Belz 56550,62,3444
Benodet 29950,33,4156
Berhet 22140,1,2846
Berne 56240,7,1338
Berric 56230,10,2414
Berrien 29690,20,4803
Beuzec-Cap-Sizun 29790,10,2467
Bignan 56500,7,1876
Billiers 56190,2,4683
Billio 56420,1,991
Binic 22520,44,3519
Bobital 22100,4,2251
Bodilis 29400,5,2173
Bohal 56140,2,1767
Bohars 29820,7,2906
Bolazec 29640,1,1622
Bono 56400,33,3918
Boqueho 22170,9,2100
Botmeur 29690,2,1105
Botsorhel 29650,6,896
Botsorhel 29651,1,3185
Bourbriac 22390,13,1522
Bourg-Blanc 29860,14,2293
Bourseul 22130,9,1708
Branderion 56700,14,1862
Brandivy 56390,8,2540
Brasparts 29190,22,1086
Brech 56400,29,3225
Brehand 22510,4,1904
Brehan 56580,22,1711
Breles 29810,1,1543
Brennilis 29690,4,1232
Brest 29200,208,2645
Briec 29510,16,2185
Brignogan-Plage 29890,16,2408
Bringolo 22170,1,3269
Broons 22250,17,1421
Brusvily 22100,6,1970
Bubry 56310,27,1246
Bulat-Pestivien 22160,1,553
Buleon 56420,3,1559
Caden 56220,8,1933
Calanhel 22160,3,1643
Calan 56240,1,2059
Callac 22160,23,1406
Calorguen 22100,1,2769
Camaret-Sur-Mer 29570,61,3114
Camlez 22450,3,2610
Camoel 56130,10,2743
Camors 56330,43,2357
Campeneac 56800,14,1527
Canihuel 22480,6,1540
Caouennec-Lanvezeac 22300,1,2676
Carantec 29660,75,4911
Carentoir 56910,28,1564
Carhaix-Plouguer 29270,49,1539
Carnac 56340,70,5717
Carnoet 22160,3,892
Caro 56140,15,1564
Cast 29150,12,1833
Caudan 56850,40,2897
Caulnes 22350,17,1621
Caurel 22530,25,1655
Cavan 22140,8,2243
Chateaulin 29150,24,1643
Chateauneuf-Du-Faou 29520,39,1521
Chatelaudren 22170,13,2300
Cleden-Cap-Sizun 29770,7,2151
Cleden-Poher 29270,9,1457
Cleder 29233,31,2427
Cleguerec 56480,22,2347
Cleguer 56620,16,2401
Clohars-Carnoet 29360,51,3986
Clohars-Fouesnant 29950,8,3497
Coadout 22970,2,1798
Coat-Meal 29870,2,2519
Coatreven 22450,3,1482
Coetlogon 22210,4,1297
Coetmieux 22400,3,2099
Collinee 22330,12,1215
Collorec 29530,8,1026
Colpo 56390,14,2521
Combrit 29120,55,3581
Commana 29450,11,1403
Concarneau 29900,129,3364
Concoret 56430,5,804
Confort-Meilars 29790,9,1804
Coray 29370,10,1669
Corlay 22320,20,1070
Corseul 22130,17,1785
Cournon 56200,3,1317
Crach 56950,27,3746
Credin 56580,5,1234
Crehen 22130,17,2608
Crozon 29160,84,3296
Cruguel 56420,9,1412
Damgan 56750,51,4593
Daoulas 29460,25,2206
Dinan 22100,165,2840
Dinan 22270,1,2680
Dinan 22350,1,2939
Dinan 22980,1,2018
Dineault 29150,5,1290
Dirinon 29460,10,2201
Douarnenez 29100,64,2601
Duault 22160,1,1647
Edern 29510,8,1496
Elliant 29370,26,1831
Elven 56250,40,2834
Erdeven 56410,66,3845
Ereac 22250,5,1298
Ergue-Gaberic 29500,38,2297
Erquy 22430,66,4086
Etables-Sur-Mer 22520,12,3886
Etables-Sur-Mer 22680,38,3385
Etel 56410,31,3846
Evran 22630,11,1967
Evriguet 56490,6,1302
Ferel 56130,31,2617
Fouesnant 29170,111,3561
Frehel 22240,9,3220
Garlan 29610,3,2288
Gausson 22150,1,1870
Gavres 56680,11,3382
Gestel 56530,6,3183
Glomel 22110,14,1401
Gomene 22230,6,1170
Gommenec'h 22290,4,2099
Gouarec 22570,9,1401
Goudelin 22290,15,1834
Gouesnach 29950,40,3359
Gouesnou 29850,24,2794
Gouezec 29190,4,1844
Goulien 29770,4,2606
Goulven 29890,1,2636
Gourhel 56800,3,1884
Gourin 56110,91,1483
Gourlizon 29710,5,2336
Grace-Uzel 22460,1,1015
Graces 22200,14,1873
Grand-Champ 56390,41,3234
Groix 56590,74,6051
Guegon 56120,31,1527
Guehenno 56420,4,1035
Gueltas 56920,6,1819
Guemene-Sur-Scorff 56160,64,1593
Guengat 29180,7,1924
Guenin 56150,14,1884
Guenroc 22350,2,1717
Guerlesquin 29650,11,1524
Guern 56310,23,1533
Guer 56380,37,1972
Guiclan 29410,7,1939
Guidel 56520,95,3847
Guiler-Sur-Goyen 29710,1,2471
Guilers 29820,26,2346
Guillac 56800,18,1405
Guilliers 56490,18,1139
Guilligomarc'h 29300,3,2405
Guilvinec 29730,48,2732
Guimaec 29620,14,3057
Guimiliau 29400,4,1573
Guingamp 22200,66,1742
Guipavas 29490,48,2739
Guipronvel 29290,8,2765
Guiscriff 56560,20,1309
Guisseny 29880,18,2941
Guitte 22350,2,1956
Gurunhuel 22390,3,1209
Hanvec 29460,14,2584
Hellean 56120,2,1955
Hemonstoir 22600,3,1535
Henanbihen 22550,6,2730
Henansal 22400,3,2069
Hengoat 22450,1,1732
Hennebont 56700,87,2479
Henon 22150,6,1680
Henvic 29670,9,1792
Henvic 29679,4,7069
Hillion 22120,9,2247
Hopital-Camfrout 29460,12,2371
Huelgoat 29690,14,1208
Ile-Aux-Moines 56780,8,7932
Ile-D'arz 56840,5,6876
Ile-De-Batz 29253,8,3961
Ile-De-Brehat 22870,1,6800
Ile-De-Sein 29990,7,3246
Ile-Molene 29259,3,2910
Ile-Tudy 29980,5,3201
Illifaut 22230,3,1055
Inguiniel 56240,14,8379
Inzinzac-Lochrist 56650,31,2509
Irvillac 29460,7,2441
Josselin 56120,54,1744
Jugon-Les-Lacs 22270,12,1744
Kerbors 22610,4,2177
Kerfot 22500,13,2286
Kerfourn 56920,4,1784
Kergloff 29270,4,1326
Kergrist-Moelou 22110,6,2237
Kergrist 56300,7,1164
Kerlaz 29100,3,3411
Kerlouan 29890,14,2477
Kermaria-Sulard 22450,7,2123
Kermoroc'h 22140,1,1780
Kernascleden 56540,5,2070
Kernilis 29260,7,2375
Kernoues 29260,2,2215
Kerpert 22480,3,1021
Kersaint-Plabennec 29860,2,2715
Kervignac 56700,35,2863
La Bouillie 22240,4,3006
La Chapelle-Blanche 22350,1,1377
La Chapelle-Neuve 22160,5,1274
La Chapelle-Neuve 56500,12,1585
La Cheze 22210,16,956
La Croix-Hellean 56120,3,1466
La Feuillee 29690,15,1584
La Forest-Landerneau 29800,4,2848
La Foret-Fouesnant 29940,71,3719
La Gacilly 56200,21,1755
La Gree-Saint-Laurent 56120,8,1517
La Harmoye 22320,1,805
La Malhoure 22640,2,2164
La Martyre 29800,3,1456
La Meaugon 22440,5,1962
La Motte 22600,8,1708
La Prenessaye 22210,10,1332
La Roche-Bernard 56130,9,2982
La Roche-Derrien 22450,10,1649
La Roche-Maurice 29800,4,2351
La Trinite-Porhoet 56490,4,929
La Trinite-Sur-Mer 56470,27,6456
La Trinite-Surzur 56190,3,2895
La Vicomte-Sur-Rance 22690,11,3434
La Vraie-Croix 56250,1,2211
Lamballe 22400,71,2407
Lampaul-Guimiliau 29400,11,1922
Lampaul-Plouarzel 29810,12,2946
Lampaul-Ploudalmezeau 29830,1,1834
Lanarvily 29260,1,1590
Lancieux 22770,11,5791
Landaul 56690,15,3002
Landebia 22130,4,1476
Landeda 29870,22,2894
Landehen 22400,9,1838
Landeleau 29530,3,869
Landerneau 29800,40,2277
Landevant 56690,29,2659
Landevennec 29560,6,3908
Landivisiau 29400,46,2082
Landrevarzec 29510,3,2029
Landudal 29510,1,2111
Landudec 29710,13,1563
Landunvez 29840,12,3148
Lanester 56600,60,2780
Lanfains 22800,8,1807
Langast 22150,7,1174
Langoat 22450,9,1649
Langoelan 56160,17,1185
Langolen 29510,5,1732
Langonnet 56630,29,1487
Langourla 22330,5,1126
Langrolay-Sur-Rance 22490,10,2409
Languedias 22980,1,1997
Languenan 22130,9,2123
Langueux 22360,18,2688
Languidic 56440,90,2427
Lanhouarneau 29430,8,2172
Lanildut 29840,7,2425
Laniscat 22570,16,1399
Lanloup 22580,3,2092
Lanmeur 29620,19,2036
Lanmodez 22610,1,967
Lanneanou 29640,9,1580
Lannebert 22290,5,1670
Lannedern 29190,1,997
Lannilis 29870,30,2437
Lannion 22300,111,2575
Lanouee 56120,24,1479
Lanrelas 22250,6,1287
Lanrivain 22480,7,1667
Lanrivoare 29290,1,2524
Lanrodec 22170,1,2004
Lantic 22410,21,2750
Lantillac 56120,7,1348
Lanvallay 22100,37,2223
Lanvaudan 56240,4,1489
Lanvellec 22420,7,2235
Lanvenegen 56320,17,1407
Lanveoc 29160,24,2436
Lanvollon 22290,29,1999
Larmor-Baden 56870,35,6036
Larmor-Plage 56260,55,4746
Larre 56230,5,2393
Laurenan 22230,3,970
Lauzach 56190,3,2555
Laz 29520,6,1230
Le Bodeo 22320,1,1289
Le Cambout 22210,1,914
Le Cloitre-Pleyben 29190,1,1060
Le Cloitre-Saint-Thegonnec 29410,5,1014
Le Conquet 29217,13,2863
Le Croisty 56540,10,1434
Le Drennec 29860,2,2754
Le Faouet 22290,4,1630
Le Faouet 56320,28,1786
Le Faou 29590,20,1929
Le Foeil 22800,3,2529
Le Folgoet 29260,7,2197
Le Gouray 22330,19,1374
Le Guerno 56190,10,2687
Le Haut-Corlay 22320,6,1572
Le Hezo 56450,17,3783
Le Hingle 22100,5,2108
Le Juch 29100,4,2478
Le Leslay 22800,1,1831
Le Merzer 22200,6,1557
Le Moustoir 22340,2,1619
Le Palais 56360,28,6165
Le Quillio 22460,7,1514
Le Quiou 22630,3,1706
Le Relecq-Kerhuon 29480,55,3563
Le Roc-Saint-Andre 56460,12,1696
Le Saint 56110,7,1917
Le Sourn 56300,5,1841
Le Tour-Du-Parc 56370,18,4070
Le Trehou 29450,5,2681
Le Trevoux 29380,13,2321
Le Vieux-Bourg 22800,3,1314
Le Vieux-Marche 22420,13,1803
Lennon 29190,6,1275
Les Champs-Geraux 22630,4,2412
Les Fougerets 56200,8,1747
Lescouet-Gouarec 22570,3,1267
Lesneven 29260,28,1902
Leuhan 29390,16,1206
Lezardrieux 22740,24,2547
Lignol 56160,23,1503
Limerzel 56220,2,1645
Lizio 56460,8,1666
Loc-Eguiner 29400,3,1970
Locarn 22340,5,1864
Locmalo 56160,28,1469
Locmaria-Grand-Champ 56390,13,2806
Locmaria-Plouzane 29280,31,3396
Locmariaquer 56740,34,5860
Locmaria 56360,15,6370
Locmelar 29400,1,1560
Locmine 56500,25,2354
Locmiquelic 56570,19,3146
Locoal-Mendon 56550,41,3578
Locqueltas 56390,9,2805
Locquenole 29670,7,2396
Locquirec 29241,16,3593
Locronan 29180,7,2724
Loctudy 29750,50,3220
Locunole 29310,6,1814
Logonna-Daoulas 29460,26,2637
Loguivy-Plougras 22780,11,1153
Lohuec 22160,4,1299
Loperec 29590,5,1601
Loperhet 29470,20,17774
Loqueffret 29530,4,859
Lorient 56100,126,3205
Loscouet-Sur-Meu 22230,5,1078
Louannec 22700,27,3300
Louargat 22540,9,1513
Loudeac 22600,42,1617
Loyat 56800,25,1507
Mael-Carhaix 22340,20,1391
Mael-Pestivien 22160,2,1542
Magoar 22480,2,2143
Mahalon 29790,5,2612
Malansac 56220,12,1996
Malestroit 56140,17,2340
Malguenac 56300,10,48343
Mantallot 22450,3,1996
Marzan 56130,38,2790
Matignon 22550,19,2563
Mauron 56430,28,1477
Megrit 22270,2,2269
Melgven 29140,17,2338
Mellac 29300,16,2209
Mellionnec 22110,9,1528
Melrand 56310,35,1599
Meneac 56490,30,1398
Merdrignac 22230,15,1448
Merillac 22230,3,1503
Merleac 22460,7,1177
Merlevenez 56700,18,2952
Meslan 56320,14,1718
Mespaul 29420,10,1928
Meucon 56890,13,3400
Minihy-Treguier 22220,2,2191
Missiriac 56140,8,1761
Moelan-Sur-Mer 29350,98,3716
Mohon 56490,12,1223
Molac 56230,5,1793
Moncontour 22510,11,2128
Monteneuf 56380,9,1992
Monterblanc 56250,9,2968
Moreac 56500,15,1950
Morieux 22400,4,2409
Morlaix 29600,71,3197
Motreff 29270,6,893
Mousteru 22200,2,1666
Moustoir-Ac 56500,13,2064
Mur-De-Bretagne 22530,9,1466
Muzillac 56190,42,5705
Naizin 56500,12,1495
Neant-Sur-Yvel 56430,12,1450
Neulliac 56300,10,1872
Nevez 29920,30,3520
Nivillac 56130,31,2198
Nostang 56690,5,2789
Noyal-Muzillac 56190,11,2909
Noyal-Pontivy 56920,21,1491
Noyal 22400,1,2616
Ouessant 29242,4,3448
Pabu 22200,12,1864
Paimpol 22500,106,3117
Paule 22340,3,1737
Peaule 56130,20,2231
Pedernec 22540,11,1954
Peillac 56220,16,1751
Pencran 29800,2,2100
Penestin 56760,24,3850
Penguily 22510,3,2231
Penmarch 29760,104,2919
Penvenan 22710,34,3513
Perros-Guirec 22700,94,3933
Persquen 56160,8,1210
Peumerit 29710,6,2175
Plabennec 29860,9,2438
Plaine-Haute 22800,5,1938
Plaintel 22940,18,2258
Plancoet 22130,33,2158
Planguenoual 22400,9,2824
Plaudren 56420,13,2800
Pleboulle 22550,8,2422
Pledeliac 22270,4,2063
Pledran 22960,19,2091
Pleguien 22290,4,2146
Plehedel 22290,15,2567
Plelan-Le-Petit 22980,8,1911
Plelauff 22570,5,1200
Plelo 22170,7,2344
Plemet 22210,36,1263
Plemy 22150,5,1561
Plenee-Jugon 22640,5,1138
Pleneuf-Val-Andre 22370,63,4028
Plerin 22190,78,3054
Plerneuf 22170,2,1285
Plescop 56890,23,3668
Plesidy 22720,5,1442
Pleslin-Trigavou 22490,31,2567
Plessala 22330,11,1090
Plessix-Balisson 22650,13,3296
Plestan 22640,2,988
Plestin-Les-Greves 22310,38,2621
Pleubian 22610,33,2876
Pleucadeuc 56140,13,1923
Pleudaniel 22740,8,1935
Pleudihen-Sur-Rance 22690,39,2565
Pleugriffet 56120,7,1622
Pleumeur-Bodou 22560,38,3420
Pleumeur-Gautier 22740,10,1909
Pleuven 29170,33,2968
Plevenon 22240,4,2991
Pleven 22130,3,1362
Plevin 22340,8,1338
Pleyben 29190,21,1522
Pleyber-Christ 29410,15,1517
Plobannalec-Lesconil 29740,59,3050
Ploemel 56400,26,3601
Ploemeur 56270,92,4500
Ploerdut 56160,36,1371
Ploeren 56880,45,3792
Ploermel 56800,77,1998
Ploeuc-Sur-Lie 22150,8,1545
Ploeven 29550,5,2228
Ploezal 22260,11,1765
Plogastel-Saint-Germain 29710,13,2577
Plogoff 29770,13,1967
Plogonnec 29180,6,2378
Plomelin 29700,29,2517
Plomeur 29120,43,2537
Plomodiern 29550,19,2307
Ploneis 29710,8,2394
Ploneour-Lanvern 29720,52,2546
Plonevez-Du-Faou 29530,17,1401
Plonevez-Porzay 29550,13,2110
Plorec-Sur-Arguenon 22130,2,2356
Plouagat 22170,3,1993
Plouaret 22420,40,2072
Plouarzel 29810,20,3244
Plouasne 22830,13,1551
Plouay 56240,59,2089
Ploubalay 22650,21,3272
Ploubazlanec 22620,57,3462
Ploubezre 22300,25,2195
Ploudalmezeau 29830,25,2646
Ploudaniel 29260,14,2016
Ploudiry 29800,5,2196
Plouec-Du-Trieux 22260,10,1456
Plouedern 29800,13,2147
Plouegat-Guerand 29620,7,1811
Plouegat-Moysan 29650,6,1718
Plouenan 29420,9,1809
Plouer-Sur-Rance 22490,51,3055
Plouescat 29430,36,2091
Plouezec 22470,56,2460
Plouezoc'h 29252,16,2827
Ploufragan 22440,69,2184
Plougar 29440,4,2170
Plougasnou 29630,38,2818
Plougastel-Daoulas 29470,130,2648
Plougonvelin 29217,29,3560
Plougonven 29640,18,2056
Plougonver 22810,7,1267
Plougoulm 29250,16,2101
Plougoumelen 56400,22,3550
Plougourvest 29400,5,2002
Plougras 22780,1,1392
Plougrescant 22820,18,3624
Plouguenast 22150,23,1396
Plouguerneau 29880,47,2679
Plouguernevel 22110,5,1666
Plouguiel 22220,5,2422
Plouguin 29830,8,2568
Plouharnel 56340,16,26187
Plouha 22580,66,2383
Plouhinec 29780,50,2583
Plouhinec 56680,86,3829
Plouider 29260,10,2130
Plouigneau 29610,15,1667
Plouisy 22200,2,1166
Ploulec'h 22300,7,1944
Ploumagoar 22970,17,1872
Ploumilliau 22300,24,2245
Ploumoguer 29810,4,2730
Plouneour-Menez 29410,5,1594
Plounerin 22780,8,1807
Plouneventer 29400,2,2112
Plounevez-Lochrist 29430,11,2136
Plounevez-Moedec 22810,10,1587
Plounevez-Quintin 22110,16,1252
Plounevezel 29270,3,1611
Plourac'h 22160,3,981
Plouray 56770,13,1421
Plourhan 22410,20,2439
Plourin-Les-Morlaix 29600,12,1925
Plourin 29830,1,1666
Plourivo 22860,28,2575
Plouvara 22170,4,1983
Plouvien 29860,5,2084
Plouvorn 29420,9,1940
Plouye 29690,1,1243
Plouzane 29280,26,2667
Plouzelambre 22420,1,2182
Plouzevede 29440,13,1738
Plovan 29720,6,2508
Plozevet 29710,49,2409
Pludual 22290,8,2289
Pluduno 22130,7,1894
Plufur 22310,5,788
Pluguffan 29700,32,2616
Pluherlin 56220,4,1465
Plumaudan 22350,10,1912
Plumaugat 22250,1,1533
Plumelec 56420,18,1872
Plumeliau 56310,6,1557
Plumeliau 56930,36,1781
Plumelin 56500,18,2000
Plumergat 56400,23,2919
Plumieux 22210,13,1043
Pluneret 56400,29,3041
Plurien 22240,13,2983
Plusquellec 22160,1,1500
Plussulien 22320,10,1329
Pluvigner 56330,63,2591
Pluzunet 22140,4,2031
Pommeret 22120,7,2422
Pommerit-Jaudy 22450,1,2273
Pommerit-Le-Vicomte 22200,4,1894
Pont-Aven 29930,60,2771
Pont-Croix 29790,9,1807
Pont-De-Buis-Les-Quimerch 29590,10,1826
Pont-L'abbe 29120,69,2630
Pont-Melvez 22390,7,1360
Pont-Scorff 56620,14,2909
Pontivy 56300,105,1837
Pontrieux 22260,22,1912
Porcaro 56380,9,1006
Pordic 22590,33,3054
Porspoder 29840,10,3364
Port-Launay 29150,1,649
Port-Louis 56290,21,3500
Pouldergat 29100,5,2389
Pouldreuzic 29710,15,2450
Poullan-Sur-Mer 29100,9,1513
Poullaouen 29246,4,1017
Prat 22140,7,1446
Primelin 29770,9,1958
Priziac 56320,10,1681
Quemeneven 29180,4,1416
Quemper-Guezennec 22260,10,2096
Quemperven 22450,2,2056
Querrien 29310,9,1474
Quessoy 22120,4,1547
Questembert 56230,32,2194
Queven 56530,26,2927
Quevert 22100,23,2459
Quiberon 56170,70,5431
Quimperle 29300,55,2263
Quimper 29000,280,2511
Quimper 29001,1,2500
Quintin 22800,20,1616
Quistinic 56310,29,1772
Radenac 56500,8,1772
Redene 29300,8,2996
Reguiny 56500,7,1623
Reminiac 56140,4,1656
Riantec 56670,48,2929
Riec-Sur-Belon 29340,60,2809
Rieux 56350,14,2062
Rochefort-En-Terre 56220,2,1986
Rohan 56580,26,1366
Roscanvel 29570,28,3427
Roscoff 29680,31,3341
Roscoff 29688,1,9383
Rosnoen 29590,8,2377
Rospez 22300,13,2409
Rosporden 29140,39,2150
Rostrenen 22110,31,1614
Roudouallec 56110,6,977
Rouillac 22250,1,1421
Ruca 22550,7,2037
Ruffiac 56140,9,1488
Runan 22260,1,2498
Saint-Agathon 22200,5,2052
Saint-Aignan 56480,4,1992
Saint-Alban 22400,21,2681
Saint-Allouestre 56500,5,1539
Saint-Andre-Des-Eaux 22630,1,1029
Saint-Armel 56450,17,3840
Saint-Ave 56890,67,3382
Saint-Barnabe 22600,3,1233
Saint-Barthelemy 56150,24,1760
Saint-Bihy 22800,3,1771
Saint-Brandan 22800,9,2130
Saint-Brieuc-De-Mauron 56430,4,1184
Saint-Brieuc 22000,178,2223
Saint-Caradec-Tregomel 56540,10,1229
Saint-Caradec 22600,9,1109
Saint-Carne 22100,5,2927
Saint-Carreuc 22150,8,1852
Saint-Cast-Le-Guildo 22380,95,4098
Saint-Clet 22260,2,2580
Saint-Congard 56140,3,2303
Saint-Connan 22480,1,1931
Saint-Connec 22530,2,1833
Saint-Coulitz 29150,4,1179
Saint-Denoual 22400,2,2250
Saint-Derrien 29440,6,1347
Saint-Divy 29800,2,2579
Saint-Dolay 56130,25,1966
Saint-Donan 22800,8,1939
Saint-Eloy 29460,1,2156
Saint-Etienne-Du-Gue-De-L'isle 22210,7,1060
Saint-Evarzec 29170,23,2457
Saint-Fiacre 22720,1,1629
Saint-Fregant 29260,2,1517
Saint-Gerand 56920,8,1455
Saint-Gildas-De-Rhuys 56730,49,4966
Saint-Gilles-Du-Mene 22330,2,1335
Saint-Gilles-Pligeaux 22480,1,567
Saint-Gilles-Vieux-Marche 22530,4,921
Saint-Glen 22510,2,1759
Saint-Goazec 29520,7,1495
Saint-Gonnery 56920,8,1730
Saint-Gorgon 56350,2,1915
Saint-Goueno 22330,6,1424
Saint-Grave 56220,7,1728
Saint-Guyomard 56460,5,2121
Saint-Helen 22100,12,2126
Saint-Hernin 29270,5,1288
Saint-Herve 22460,1,1792
Saint-Igeaux 22570,4,1284
Saint-Jacut-De-La-Mer 22750,6,7200
Saint-Jacut-Du-Mene 22330,2,1559
Saint-Jacut-Les-Pins 56220,5,1753
Saint-Jean-Brevelay 56660,6,2544
Saint-Jean-Du-Doigt 29630,4,1864
Saint-Jean-La-Poterie 56350,15,1899
Saint-Jean-Trolimon 29120,6,2421
Saint-Jouan-De-L'isle 22350,3,1664
Saint-Judoce 22630,4,2632
Saint-Julien 22940,7,1892
Saint-Juvat 22630,2,1321
Saint-Launeuc 22230,1,1977
Saint-Laurent-Sur-Oust 56140,4,1143
Saint-Laurent 22140,1,1569
Saint-Lery 56430,1,1677
Saint-Lormel 22130,4,3303
Saint-Maden 22350,1,1682
Saint-Malo-De-Beignon 56380,1,1804
Saint-Malo-Des-Trois-Fontaines 56490,11,1075
Saint-Marcel 56140,4,2989
Saint-Martin-Des-Champs 29600,19,1641
Saint-Martin-Des-Pres 22320,9,1614
Saint-Martin 56200,16,1269
Saint-Maudez 22980,2,1858
Saint-Mayeux 22320,8,1527
Saint-Meen 29260,5,2160
Saint-Meloir-Des-Bois 22980,1,1879
Saint-Michel-En-Greve 22300,9,2211
Saint-Nicolas-Du-Pelem 22480,18,1144
Saint-Nicolas-Du-Tertre 56910,2,1679
Saint-Nic 29550,14,1924
Saint-Nolff 56250,23,2814
Saint-Pabu 29830,14,3216
Saint-Perreux 56350,2,2198
Saint-Pever 22720,1,821
Saint-Philibert 56470,35,5193
Saint-Pierre-Quiberon 56510,26,6442
Saint-Pol-De-Leon 29250,63,2306
Saint-Potan 22550,1,1832
Saint-Quay-Perros 22700,11,3173
Saint-Quay-Portrieux 22325,2,4293
Saint-Quay-Portrieux 22410,34,3550
Saint-Renan 29290,34,2823
Saint-Rieul 22270,1,2272
Saint-Rivoal 29190,4,1886
Saint-Samson-Sur-Rance 22100,8,2286
Saint-Sauveur 29400,5,1932
Saint-Segal 29590,3,2114
Saint-Servais 22160,2,599
Saint-Servais 29400,3,1949
Saint-Servant 56120,13,1554
Saint-Thegonnec 29410,5,1957
Saint-Thelo 22460,3,1606
Saint-Thois 29520,6,1378
Saint-Thonan 29800,6,2503
Saint-Thuriau 56300,9,1979
Saint-Thurien 29380,4,1134
Saint-Trimoel 22510,1,2408
Saint-Tugdual 56540,9,1375
Saint-Urbain 29800,12,2407
Saint-Vincent-Sur-Oust 56350,15,1591
Saint-Vougay 29440,5,2019
Saint-Vran 22230,9,1634
Saint-Yvi 29140,7,2492
Sainte-Anne-D'auray 56400,18,3363
Sainte-Helene 56700,12,3504
Sainte-Seve 29600,6,3083
Sainte-Trephine 22480,3,1175
Santec 29250,21,3348
Sarzeau 56370,203,4661
Sauzon 56360,3,6189
Scaer 29390,69,1662
Scrignac 29640,12,1258
Seglien 56160,29,1507
Sene 56860,46,4509
Senven-Lehart 22720,2,890
Serent 56460,13,1617
Sevignac 22250,2,1232
Sibiril 29250,20,2940
Silfiac 56480,13,1424
Sizun 29450,8,2005
Spezet 29540,13,1184
Squiffiec 22200,1,
Sulniac 56250,24,3033
Surzur 56450,21,3281
Taden 22100,7,2376
Taule 29670,16,2100
Taupont 56800,23,1428
Telgruc-Sur-Mer 29560,26,2420
Thehillac 56130,7,2262
Theix 56450,30,3988
Tonquedec 22140,7,2189
Tourch 29140,6,1357
Treal 56140,10,1213
Trebedan 22980,2,1722
Trebeurden 22560,44,3797
Trebrivan 22340,2,1728
Trebry 22510,5,1483
Tredaniel 22510,1,2105
Tredarzec 22220,13,2093
Tredias 22250,3,1281
Tredion 56250,4,2550
Tredrez-Locquemeau 22300,18,3562
Treduder 22310,6,2414
Treffiagat 29730,26,2813
Trefflean 56250,6,3383
Treffrin 22340,3,1639
Treflaouenan 29440,1,3183
Treflez 29430,4,2717
Trefumel 22630,2,1753
Tregarantec 29260,1,5167
Tregarvan 29560,1,1779
Tregastel 22730,30,4799
Treglamus 22540,2,2094
Tregomeur 22590,1,2314
Tregonneau 22200,3,1772
Tregon 22650,3,2177
Tregourez 29970,13,1525
Tregrom 22420,4,2073
Tregueux 22950,37,2317
Treguidel 22290,6,2013
Treguier 22220,24,1999
Tregunc 29910,66,3660
Trehorenteuc 56430,1,2137
Trelevern 22660,13,2497
Trelivan 22100,8,2451
Tremaouezan 29800,1,2857
Tremel 22310,4,1519
Tremeoc 29120,10,3148
Tremereuc 22490,7,3000
Tremeur 22250,2,1950
Tremeven 22290,3,2006
Tremeven 29300,16,2515
Tremorel 22230,5,1947
Tremuson 22240,1,1590
Tremuson 22440,6,2499
Treogat 29720,7,2066
Treouergat 29290,3,2573
Tressignaux 22290,3,2309
Treveneuc 22410,14,3018
Treverec 22290,5,1887
Treve 22600,7,1439
Trevou-Treguignec 22660,25,3366
Trevron 22100,2,1859
Trezeny 22450,3,1893
Trezilide 29440,4,2150
Troguery 22450,4,1764
Uzel 22460,9,1086
Vannes 56000,274,4427
Vilde-Guingalan 22980,3,2309
Yffiniac 22120,23,2172
Yvias 22930,7,2314
Yvignac-La-Tour 22350,8,1716
