Nom,Lien
Appartement 36m² à la seyne-sur-mer,https://www.etreproprio.com/immobilier-23827226-vente-appartement-36m-a-la-seyne-sur-mer-la-seyne-sur-mer
"Appartement lumineux au cœur du mourillon   toulon, 84 m2 de confort et de charme",https://www.etreproprio.com/immobilier-23833155-vente-appartement-lumineux-au-coeur-du-mourillon-toulon-84-m2-de-confort-et-de-charme-toulon
Appartement 43m² à aix-en-provence,https://www.etreproprio.com/immobilier-23827219-vente-appartement-43m-a-aix-en-provence-aix-en-provence
Appartement saint cyr sur mer 3 pièce(s)  duplex,https://www.etreproprio.com/immobilier-23536838-vente-appartement-saint-cyr-sur-mer-3-pieces-duplex-saint-cyr-sur-mer
Appartement 3 pièces rénové en haute ville,https://www.etreproprio.com/immobilier-23835532-vente-appartement-3-pieces-renove-en-haute-ville-toulon
Appartement 70m² à aix-en-provence,https://www.etreproprio.com/immobilier-23825587-vente-appartement-70m-a-aix-en-provence-aix-en-provence
Appartement ceyreste - 4 pièces - 109 m2,https://www.etreproprio.com/immobilier-23658231-vente-appartement-ceyreste-4-pieces-109-m2-ceyreste
Exclusivite la ciotat 3/4 pieces avec jardins et garage privatifs,https://www.etreproprio.com/immobilier-23002730-vente-exclusivite-la-ciotat-34-pieces-avec-jardins-et-garage-privatifs-la-ciotat
Appartement t3 en fond d impasse,https://www.etreproprio.com/immobilier-22969364-vente-appartement-t3-en-fond-d-impasse-la-seyne-sur-mer
Appartement 36m² à la seyne-sur-mer,https://www.etreproprio.com/immobilier-23827176-vente-appartement-36m-a-la-seyne-sur-mer-la-seyne-sur-mer
Appartement type t3 avec 2 balcons et vue mont faron.,https://www.etreproprio.com/immobilier-23253717-vente-appartement-type-t3-avec-2-balcons-et-vue-mont-faron-toulon
Appartement 57m² à vitrolles,https://www.etreproprio.com/immobilier-23831044-vente-appartement-57m-a-vitrolles-vitrolles
The turca mery - appartement t2 de 37m2 vendu loué - 13008,https://www.etreproprio.com/immobilier-23827515-vente-the-turca-mery-appartement-t2-de-37m2-vendu-loue-13008-marseille-8e
Appartement t4 de 105m² à salon-de-provence,https://www.etreproprio.com/immobilier-23835467-vente-appartement-t4-de-105m-a-salon-de-provence-salon-de-provence
Appartement 51m² à marseille-8e,https://www.etreproprio.com/immobilier-23827225-vente-appartement-51m-a-marseille-8e-marseille-8e
13003 - t2 belle de mai,https://www.etreproprio.com/immobilier-23832990-vente-13003-t2-belle-de-mai-marseille-3e
Aix-en-provence / appartement dernier étage secteur facultés avec garage privatif,https://www.etreproprio.com/immobilier-23825714-vente-aix-en-provence-appartement-dernier-etage-secteur-facultes-avec-garage-privatif-aix-en-provence
Appartement 53m² à marseille 13e arrondissement,https://www.etreproprio.com/immobilier-23826757-vente-appartement-53m-a-marseille-13e-arrondissement-marseille-13e
Appartement 65m² à la seyne-sur-mer,https://www.etreproprio.com/immobilier-23827186-vente-appartement-65m-a-la-seyne-sur-mer-la-seyne-sur-mer
Appartement t4 de 108m² à aix-en-provence,https://www.etreproprio.com/immobilier-23835486-vente-appartement-t4-de-108m-a-aix-en-provence-aix-en-provence
Marseille 13ème st mitre,https://www.etreproprio.com/immobilier-23385795-vente-marseille-13eme-st-mitre-marseille-13e
Appartement 27m² à marseille-13e,https://www.etreproprio.com/immobilier-23825775-vente-appartement-27m-a-marseille-13e-marseille-13e
Sanary/ollioules - t3  avec terrasse et parking,https://www.etreproprio.com/immobilier-23828088-vente-sanaryollioules-t3-avec-terrasse-et-parking-sanary-sur-mer
Appartement 68m² à six-fours-les-plages,https://www.etreproprio.com/immobilier-23831783-vente-appartement-68m-a-six-fours-les-plages-six-fours-les-plages
Appartement 40m² à vitrolles,https://www.etreproprio.com/immobilier-23827184-vente-appartement-40m-a-vitrolles-vitrolles
T4/5 de 100 m2 avec 113 m2 de terrasse - residence rochebelle,https://www.etreproprio.com/immobilier-23835007-vente-t45-de-100-m2-avec-113-m2-de-terrasse-residence-rochebelle-marseille-9e
Appartement st cyr sur mer 1 pièce(s),https://www.etreproprio.com/immobilier-23829051-vente-appartement-st-cyr-sur-mer-1-pieces-saint-cyr-sur-mer
T4 - vue mer exceptionnelle – corniche / catalans,https://www.etreproprio.com/immobilier-23834979-vente-t4-vue-mer-exceptionnelle-corniche-catalans-marseille-7e
T1/2 31 m2 rue levat,https://www.etreproprio.com/immobilier-23835012-vente-t12-31-m2-rue-levat-marseille-3e
À découvrir à toulon appartement traversant avecbalcons secteur des lices,https://www.etreproprio.com/immobilier-23496072-vente-a-decouvrir-a-toulon-appartement-traversant-avecbalcons-secteur-des-lices-toulon
Appartement 54m² à la seyne-sur-mer,https://www.etreproprio.com/immobilier-23827199-vente-appartement-54m-a-la-seyne-sur-mer-la-seyne-sur-mer
Saint antoine,https://www.etreproprio.com/immobilier-23833253-vente-saint-antoine-marseille-15e
À vendre exceptionnel : superbe appartement traversant de 105,https://www.etreproprio.com/immobilier-22748259-vente-a-vendre-exceptionnel-superbe-appartement-traversant-de-105-sausset-les-pins
Référence : 6049-abo - appartement - 1 pièce - 22 m2 - quartier bellegarde - centre ville historique,https://www.etreproprio.com/immobilier-23834815-vente-reference-6049-abo-appartement-1-piece-22-m2-quartier-bellegarde-centre-ville-historique-aix-en-provence
Type 3 la ciotat avec terrasse et vue,https://www.etreproprio.com/immobilier-23833521-vente-type-3-la-ciotat-avec-terrasse-et-vue-la-ciotat
T3 lumineux de 85 m2 avec terrasse plein sud dans résidence calme et sécurisée (garage en option),https://www.etreproprio.com/immobilier-23495655-vente-t3-lumineux-de-85-m2-avec-terrasse-plein-sud-dans-residence-calme-et-securisee-garage-en-option-saint-maximin-la-sainte-baume
Appartement type 4 bd rabatau avec cave et garage,https://www.etreproprio.com/immobilier-23833268-vente-appartement-type-4-bd-rabatau-avec-cave-et-garage-marseille-8e
Appartement 42m² à la seyne-sur-mer,https://www.etreproprio.com/immobilier-23827215-vente-appartement-42m-a-la-seyne-sur-mer-la-seyne-sur-mer
"T5 de prestige + studio – 221 m² – périer / prado – balcons, traversant, étage complet, hauts plafonds",https://www.etreproprio.com/immobilier-23830485-vente-t5-de-prestige-studio-221-m-perier-prado-balcons-traversant-etage-complet-hauts-plafonds-marseille-8e
Appartement 54m² à marseille-3e,https://www.etreproprio.com/immobilier-23830893-vente-appartement-54m-a-marseille-3e-marseille-3e
