Nom,Lien,Prix,Lieu,Taille,Taille_terrain,Pieces
Maison lamorlaye 6 pièce(s) 100 m2 sur 636 m² de terrain .,https://www.etreproprio.com/immobilier-23829281-vente-maison-lamorlaye-6-pieces-100-m2-sur-636-m-de-terrain-lamorlaye,399 000,Lamorlaye 60260,100,636,6
Maison 127m² à saint-brice-sous-foret,https://www.etreproprio.com/immobilier-23827125-vente-maison-127m-a-saint-brice-sous-foret-saint-brice-sous-foret,539 000,Saint-Brice-Sous-Foret 95350,127,297,6
Maison 3 pièces 66 m2,https://www.etreproprio.com/immobilier-23834309-vente-maison-3-pieces-66-m2-sartrouville,445 000,Sartrouville 78500,66,360,3
Maison rénovée 5 chambres 135m2,https://www.etreproprio.com/immobilier-23828008-vente-maison-renovee-5-chambres-135m2-arcueil,,,,,
Maison 130 m2 avec grand jardin commerces écoles sur place,https://www.etreproprio.com/immobilier-23825522-vente-maison-130-m2-avec-grand-jardin-commerces-ecoles-sur-place-l-isle-adam,,,,,
Maison 84m² à chaumes-en-brie,https://www.etreproprio.com/immobilier-23831729-vente-maison-84m-a-chaumes-en-brie-chaumes-en-brie,,,,,
Gagny maison 3 pièces à rénover entierement 60m2,https://www.etreproprio.com/immobilier-23529569-vente-gagny-maison-3-pieces-a-renover-entierement-60m2-gagny,,,,,
Maison de 83m² avec sous-sol à galluis,https://www.etreproprio.com/immobilier-23826551-vente-maison-de-83m-avec-sous-sol-a-galluis-galluis,,,,,
Plateau saint-antoine,https://www.etreproprio.com/immobilier-23832835-vente-plateau-saint-antoine-le-chesnay,,,,,
Maison 183m² à l'hay-les-roses,https://www.etreproprio.com/immobilier-23828413-vente-maison-183m-a-l-hay-les-roses-l-hay-les-roses,,,,,
Maison houilles 6 pièce(s) 107 m2,https://www.etreproprio.com/immobilier-23827528-vente-maison-houilles-6-pieces-107-m2-houilles,,,,,
Maison 89m² à baulne,https://www.etreproprio.com/immobilier-20280645-vente-maison-89m-a-baulne-baulne,,,,,
Maison la ferté-alais - 12 pièce(s) - 339 m2,https://www.etreproprio.com/immobilier-21305638-vente-maison-la-ferte-alais-12-pieces-339-m2-la-ferte-alais,,,,,
Élégante maison bourgeoise,https://www.etreproprio.com/immobilier-23834215-vente-elegante-maison-bourgeoise-cely,,,,,
"Arcueil à 7mn du rer b laplace, maison 3 pièces bon état, 62 m2, 2 chambres",https://www.etreproprio.com/immobilier-23833669-vente-arcueil-a-7mn-du-rer-b-laplace-maison-3-pieces-bon-etat-62-m2-2-chambres-arcueil,,,,,
Maison 230m² à brueil-en-vexin,https://www.etreproprio.com/immobilier-23827430-vente-maison-230m-a-brueil-en-vexin-brueil-en-vexin,,,,,
Maison 99m² à vitry-sur-seine,https://www.etreproprio.com/immobilier-23825633-vente-maison-99m-a-vitry-sur-seine-vitry-sur-seine,,,,,
Chambly centre ville au calme,https://www.etreproprio.com/immobilier-23834282-vente-chambly-centre-ville-au-calme-chambly,,,,,
Maison 171m² à groslay,https://www.etreproprio.com/immobilier-23831910-vente-maison-171m-a-groslay-groslay,,,,,
Villejuif - maison de ville de 94 m² - coup de coeur !,https://www.etreproprio.com/immobilier-23830830-vente-villejuif-maison-de-ville-de-94-m-coup-de-coeur-villejuif,,,,,
Propriété avec beaucoup de potentiel ! 140 m2 + dépendances + terrain 2238 m2 constructible,https://www.etreproprio.com/immobilier-23825534-vente-propriete-avec-beaucoup-de-potentiel-140-m2-dependances-terrain-2238-m2-constructible-andeville,,,,,
Maison 170m² à fontenay-aux-roses,https://www.etreproprio.com/immobilier-23825778-vente-maison-170m-a-fontenay-aux-roses-fontenay-aux-roses,,,,,
Exclusivité à pantin limite pré saint gervais d'une jolie ma,https://www.etreproprio.com/immobilier-23828477-vente-exclusivite-a-pantin-limite-pre-saint-gervais-d-une-jolie-ma-pantin,,,,,
Quartier louis bertrand. maison atypique,https://www.etreproprio.com/immobilier-23827743-vente-quartier-louis-bertrand-maison-atypique-ivry-sur-seine,,,,,
Maison 94m² à soignolles-en-brie,https://www.etreproprio.com/immobilier-23832014-vente-maison-94m-a-soignolles-en-brie-soignolles-en-brie,,,,,
Sevran/livry les trefles,https://www.etreproprio.com/immobilier-23829408-vente-sevranlivry-les-trefles-sevran,,,,,
Maison 300m² à hedouville,https://www.etreproprio.com/immobilier-23832849-vente-maison-300m-a-hedouville-hedouville,,,,,
Maison 82m² à le perreux-sur-marne,https://www.etreproprio.com/immobilier-23829159-vente-maison-82m-a-le-perreux-sur-marne-le-perreux-sur-marne,,,,,
Maison 6pièces de 148m2,https://www.etreproprio.com/immobilier-23825568-vente-maison-6pieces-de-148m2-tremblay-en-france,,,,,
Maison 5 pièces,https://www.etreproprio.com/immobilier-23829428-vente-maison-5-pieces-villejust,,,,,
Maison de ville en pierre de type t3 avec extérieur,https://www.etreproprio.com/immobilier-23834713-vente-maison-de-ville-en-pierre-de-type-t3-avec-exterieur-fublaines,,,,,
"78320 le mesnil saint denis, maison à vendre sur une une parcelle de 500m2",https://www.etreproprio.com/immobilier-23622713-vente-78320-le-mesnil-saint-denis-maison-a-vendre-sur-une-une-parcelle-de-500m2-le-mesnil-saint-denis,,,,,
Maison 205m² à l'isle-adam,https://www.etreproprio.com/immobilier-23827456-vente-maison-205m-a-l-isle-adam-l-isle-adam,,,,,
Maison de ville - 5 chambres - charme de l’ancien - centre ville,https://www.etreproprio.com/immobilier-23833176-vente-maison-de-ville-5-chambres-charme-de-l-ancien-centre-ville-saint-brice-sous-foret,,,,,
Maison 85m² à montfermeil,https://www.etreproprio.com/immobilier-23827846-vente-maison-85m-a-montfermeil-montfermeil,,,,,
Maison 97m² à saint-maur-des-fosses,https://www.etreproprio.com/immobilier-23826161-vente-maison-97m-a-saint-maur-des-fosses-saint-maur-des-fosses,,,,,
Maison 108m² à elancourt,https://www.etreproprio.com/immobilier-23832173-vente-maison-108m-a-elancourt-elancourt,,,,,
"Secteur recherché,",https://www.etreproprio.com/immobilier-22489586-vente-secteur-recherche-le-blanc-mesnil,,,,,
Maison fontenay aux roses 6 pièces 147.11 m2,https://www.etreproprio.com/immobilier-23829489-vente-maison-fontenay-aux-roses-6-pieces-14711-m2-fontenay-aux-roses,,,,,
Maison familiale dans zone résidentielle,https://www.etreproprio.com/immobilier-23834825-vente-maison-familiale-dans-zone-residentielle-montmagny,,,,,
Maison 136m² à chennevieres-sur-marne,https://www.etreproprio.com/immobilier-23318853-vente-maison-136m-a-chennevieres-sur-marne-chennevieres-sur-marne,,,,,
"Maison 120 m2 aubergenville 3/4 chambres, potentiel 44 m2 - jardin - cave",https://www.etreproprio.com/immobilier-23828962-vente-maison-120-m2-aubergenville-34-chambres-potentiel-44-m2-jardin-cave-aubergenville,,,,,
Maison 130m² à nogent-sur-oise,https://www.etreproprio.com/immobilier-23832121-vente-maison-130m-a-nogent-sur-oise-nogent-sur-oise,,,,,
Maison bezons 70m2 + dépendance 300 m2,https://www.etreproprio.com/immobilier-23828686-vente-maison-bezons-70m2-dependance-300-m2-bezons,,,,,
Maison 45m² à thorigny-sur-marne,https://www.etreproprio.com/immobilier-23831835-vente-maison-45m-a-thorigny-sur-marne-thorigny-sur-marne,,,,,
Maison 85m² à viarmes,https://www.etreproprio.com/immobilier-23831001-vente-maison-85m-a-viarmes-viarmes,,,,,
Maison 90m² à esbly,https://www.etreproprio.com/immobilier-23826999-vente-maison-90m-a-esbly-esbly,,,,,
Maison la frette sur seine !,https://www.etreproprio.com/immobilier-23829565-vente-maison-la-frette-sur-seine-la-frette-sur-seine,,,,,
Colombes centre - maison aux beaux volumes a renover,https://www.etreproprio.com/immobilier-23833350-vente-colombes-centre-maison-aux-beaux-volumes-a-renover-colombes,,,,,
Maison à l'hay-les-roses,https://www.etreproprio.com/immobilier-23828410-vente-maison-a-l-hay-les-roses-l-hay-les-roses,,,,,
Maison neuilly en thelle - 4 chambres - sous-sol total,https://www.etreproprio.com/immobilier-23830844-vente-maison-neuilly-en-thelle-4-chambres-sous-sol-total-neuilly-en-thelle,,,,,
Maison 185m² à cachan,https://www.etreproprio.com/immobilier-23828402-vente-maison-185m-a-cachan-cachan,,,,,
Maison ancienne 7 pieces 5 chambres,https://www.etreproprio.com/immobilier-23833075-vente-maison-ancienne-7-pieces-5-chambres-morainvilliers,,,,,
Superbe maison familiale de 121 m² à fontenay aux roses,https://www.etreproprio.com/immobilier-23828159-vente-superbe-maison-familiale-de-121-m-a-fontenay-aux-roses-fontenay-aux-roses,,,,,
"Maison familiale 5 pièces, secteur plateau de juvisy - basse consommation",https://www.etreproprio.com/immobilier-23829061-vente-maison-familiale-5-pieces-secteur-plateau-de-juvisy-basse-consommation-juvisy-sur-orge,,,,,
Maison 145m² à sèvres,https://www.etreproprio.com/immobilier-23825921-vente-maison-145m-a-sevres-sevres,,,,,
Maison 72m² à saint-michel-sur-orge,https://www.etreproprio.com/immobilier-23832277-vente-maison-72m-a-saint-michel-sur-orge-saint-michel-sur-orge,,,,,
Maison 225m² à gaillon-sur-montcient,https://www.etreproprio.com/immobilier-23691208-vente-maison-225m-a-gaillon-sur-montcient-gaillon-sur-montcient,,,,,
Maison 77m² à mery-sur-oise,https://www.etreproprio.com/immobilier-23827271-vente-maison-77m-a-mery-sur-oise-mery-sur-oise,,,,,
Maison 115m² à saint-pathus,https://www.etreproprio.com/immobilier-23831989-vente-maison-115m-a-saint-pathus-saint-pathus,,,,,
