Nom,Lien,Code INSEE,Page Lien,Prix,Lieu,Taille,Taille_terrain,Pieces,Prix au m2
Maison 105m² à ferel,https://www.etreproprio.com/immobilier-23006331-vente-maison-105m-a-ferel-ferel,56058,https://www.etreproprio.com/annonces/th.lc56058-r0.odd.g1#list,249999.0,Ferel 56130,105.0,720,4.0,2381.0
"Maison à vendre 3 chambres  - garage indépendant - terrain de 1169 m² 56130 ferel à 1,5 kms des commerces et écoles et à 10 minu",https://www.etreproprio.com/immobilier-22603817-vente-maison-a-vendre-3-chambres-garage-independant-terrain-de-1169-m-56130-ferel-a-15-kms-des-commerces-et-ecoles-et-a-10-minu-ferel,56058,https://www.etreproprio.com/annonces/th.lc56058-r0.odd.g1#list,252000.0,Ferel 56130,90.0,1 169,4.0,2800.0
Maison 150m² à ferel,https://www.etreproprio.com/immobilier-23304631-vente-maison-150m-a-ferel-ferel,56058,https://www.etreproprio.com/annonces/th.lc56058-r0.odd.g1#list,285000.0,Ferel 56130,150.0,1 200,9.0,1900.0
À vendre en exclusivité – maison traditionnelle de 115 m² sur terrain arboré de 2 950 m² à férel,https://www.etreproprio.com/immobilier-23148478-vente-a-vendre-en-exclusivite-maison-traditionnelle-de-115-m-sur-terrain-arbore-de-2-950-m-a-ferel-ferel,56058,https://www.etreproprio.com/annonces/th.lc56058-r0.odd.g1#list,350000.0,Ferel 56130,115.0,2 950,7.0,3043.0
Maison 134m² à ferel,https://www.etreproprio.com/immobilier-23125767-vente-maison-134m-a-ferel-ferel,56058,https://www.etreproprio.com/annonces/th.lc56058-r0.odd.g1#list,343000.0,Ferel 56130,134.0,1 600,6.0,2560.0
Maison 87m² à ferel,https://www.etreproprio.com/immobilier-23084154-vente-maison-87m-a-ferel-ferel,56058,https://www.etreproprio.com/annonces/th.lc56058-r0.odd.g1#list,241500.0,Ferel 56130,87.0,,4.0,2776.0
Maison proche bourg,https://www.etreproprio.com/immobilier-21745655-vente-maison-proche-bourg-ferel,56058,https://www.etreproprio.com/annonces/th.lc56058-r0.odd.g1#list,344000.0,Ferel 56130,135.0,1 600,6.0,2548.0
Maison 90m² à ferel,https://www.etreproprio.com/immobilier-22920301-vente-maison-90m-a-ferel-ferel,56058,https://www.etreproprio.com/annonces/th.lc56058-r0.odd.g1#list,259500.0,Ferel 56130,90.0,270,6.0,2883.0
Férel;charmante maison de 108m2 nichée au coeur d'un écrin de verdure!,https://www.etreproprio.com/immobilier-22048113-vente-ferelcharmante-maison-de-108m2-nichee-au-coeur-d-un-ecrin-de-verdure-ferel,56058,https://www.etreproprio.com/annonces/th.lc56058-r0.odd.g2#list,295000.0,Ferel 56130,108.0,,6.0,2731.0
Maison 107m² à ferel,https://www.etreproprio.com/immobilier-21978031-vente-maison-107m-a-ferel-ferel,56058,https://www.etreproprio.com/annonces/th.lc56058-r0.odd.g2#list,295000.0,Ferel 56130,107.0,1 740,5.0,2757.0
"Charmante maison, centre férel proche des commerces et de la nature",https://www.etreproprio.com/immobilier-22744015-vente-charmante-maison-centre-ferel-proche-des-commerces-et-de-la-nature-ferel,56058,https://www.etreproprio.com/annonces/th.lc56058-r0.odd.g2#list,257900.0,Ferel 56130,89.0,270,5.0,2898.0
Maison avec garage + studio indépendant .,https://www.etreproprio.com/immobilier-22658366-vente-maison-avec-garage-studio-independant-ferel,56058,https://www.etreproprio.com/annonces/th.lc56058-r0.odd.g2#list,330750.0,Ferel 56130,100.0,700,5.0,3308.0
Charmante maison en pierre de 110 m² à vendre dans un hameau paisible près de férel,https://www.etreproprio.com/immobilier-22524653-vente-charmante-maison-en-pierre-de-110-m-a-vendre-dans-un-hameau-paisible-pres-de-ferel-ferel,56058,https://www.etreproprio.com/annonces/th.lc56058-r0.odd.g2#list,293972.0,Ferel 56130,110.0,300,5.0,2672.0
"Ferel, proche la roche bernard, grande maison neo-bretonne 6 chambres de 163 m² - sous-sol - parcelle de 1200 m²  constructible,",https://www.etreproprio.com/immobilier-22435391-vente-ferel-proche-la-roche-bernard-grande-maison-neo-bretonne-6-chambres-de-163-m-sous-sol-parcelle-de-1200-m-constructible-ferel,56058,https://www.etreproprio.com/annonces/th.lc56058-r0.odd.g2#list,313500.0,Ferel 56130,163.0,1 200,7.0,1923.0
Maison à vendre en l'état futur d'achèvement 56130 ferel à proximité des commerces et écoles,https://www.etreproprio.com/immobilier-22199351-vente-maison-a-vendre-en-l-etat-futur-d-achevement-56130-ferel-a-proximite-des-commerces-et-ecoles-ferel,56058,https://www.etreproprio.com/annonces/th.lc56058-r0.odd.g2#list,313500.0,Ferel 56130,91.0,473,5.0,3445.0
Maison 101m² à ferel,https://www.etreproprio.com/immobilier-22071846-vente-maison-101m-a-ferel-ferel,56058,https://www.etreproprio.com/annonces/th.lc56058-r0.odd.g2#list,232000.0,Ferel 56130,101.0,884,5.0,2297.0
"Ferel, magnifique propriété de 11 pièces de 1782 'classee b'",https://www.etreproprio.com/immobilier-21529055-vente-ferel-magnifique-propriete-de-11-pieces-de-1782-classee-b-ferel,56058,https://www.etreproprio.com/annonces/th.lc56058-r0.odd.g2#list,669500.0,Ferel 56130,175.0,1 500,11.0,3826.0
Maison familiale avec bois privé   potentiel énorme !,https://www.etreproprio.com/immobilier-22683287-vente-maison-familiale-avec-bois-prive-potentiel-enorme-le-faouet,56057,https://www.etreproprio.com/annonces/th.lc56057-r0.odd.g2#list,187200.0,Le Faouet 56320,178.0,6 400,6.0,1052.0
Propriété de charme de 890 m2,https://www.etreproprio.com/immobilier-22590091-vente-propriete-de-charme-de-890-m2-le-faouet,56057,https://www.etreproprio.com/annonces/th.lc56057-r0.odd.g2#list,878990.0,Le Faouet 56320,890.0,78 108,26.0,988.0
Maison bretonne,https://www.etreproprio.com/immobilier-22560994-vente-maison-bretonne-le-faouet,56057,https://www.etreproprio.com/annonces/th.lc56057-r0.odd.g2#list,169000.0,Le Faouet 56320,95.0,2 570,4.0,1779.0
Maison 90m² à le faouet,https://www.etreproprio.com/immobilier-22487753-vente-maison-90m-a-le-faouet-le-faouet,56057,https://www.etreproprio.com/annonces/th.lc56057-r0.odd.g2#list,190000.0,Le Faouet 56320,90.0,540,4.0,2111.0
"Dpt morbihan (56), à vendre le faouet propriété du 19ème de 890 m² sur domaine de 8 hectares",https://www.etreproprio.com/immobilier-22492084-vente-dpt-morbihan-56-a-vendre-le-faouet-propriete-du-19eme-de-890-m-sur-domaine-de-8-hectares-le-faouet,56057,https://www.etreproprio.com/annonces/th.lc56057-r0.odd.g2#list,879000.0,Le Faouet 56320,890.0,78 000,10.0,988.0
Maison contemporaine,https://www.etreproprio.com/immobilier-21531800-vente-maison-contemporaine-le-faouet,56057,https://www.etreproprio.com/annonces/th.lc56057-r0.odd.g2#list,243000.0,Le Faouet 56320,137.0,958,10.0,1774.0
"2 maisons de 4 ans, 10 ch.",https://www.etreproprio.com/immobilier-20472352-vente-2-maisons-de-4-ans-10-ch-le-faouet,56057,https://www.etreproprio.com/annonces/th.lc56057-r0.odd.g2#list,271180.0,Le Faouet 56320,250.0,1 297,13.0,1085.0
Maison le faouet 6 pièce(s) 160 m2,https://www.etreproprio.com/immobilier-18661949-vente-maison-le-faouet-6-pieces-160-m2-le-faouet,56057,https://www.etreproprio.com/annonces/th.lc56057-r0.odd.g2#list,378000.0,Le Faouet 56320,160.0,1 100,6.0,2362.0
Maison les fougerets 6 pièce(s) 130 m2,https://www.etreproprio.com/immobilier-23568387-vente-maison-les-fougerets-6-pieces-130-m2-les-fougerets,56060,https://www.etreproprio.com/annonces/th.lc56060-r0.odd.g1#list,166400.0,Les Fougerets 56200,130.0,1 317,6.0,1280.0
Maison 131m² à les fougerets,https://www.etreproprio.com/immobilier-22242962-vente-maison-131m-a-les-fougerets-les-fougerets,56060,https://www.etreproprio.com/annonces/th.lc56060-r0.odd.g1#list,166400.0,Les Fougerets 56200,131.0,1 551,8.0,1270.0
A vendre maison 56200 les fougerets avec piscine et grand garage,https://www.etreproprio.com/immobilier-23636306-vente-a-vendre-maison-56200-les-fougerets-avec-piscine-et-grand-garage-les-fougerets,56060,https://www.etreproprio.com/annonces/th.lc56060-r0.odd.g1#list,149424.0,Les Fougerets 56200,137.0,938,6.0,1091.0
Maison 65m² à les fougerets,https://www.etreproprio.com/immobilier-23376317-vente-maison-65m-a-les-fougerets-les-fougerets,56060,https://www.etreproprio.com/annonces/th.lc56060-r0.odd.g1#list,157500.0,Les Fougerets 56200,65.0,,4.0,2423.0
Maison les fougerets 3 pièce(s) 54.13 m2,https://www.etreproprio.com/immobilier-23214419-vente-maison-les-fougerets-3-pieces-5413-m2-les-fougerets,56060,https://www.etreproprio.com/annonces/th.lc56060-r0.odd.g1#list,110000.0,Les Fougerets 56200,54.0,774,4.0,2037.0
Maison 54m² à les fougerets,https://www.etreproprio.com/immobilier-23089537-vente-maison-54m-a-les-fougerets-les-fougerets,56060,https://www.etreproprio.com/annonces/th.lc56060-r0.odd.g1#list,109990.0,Les Fougerets 56200,54.0,670,4.0,2037.0
Maison 71m² à les fougerets,https://www.etreproprio.com/immobilier-23144923-vente-maison-71m-a-les-fougerets-les-fougerets,56060,https://www.etreproprio.com/annonces/th.lc56060-r0.odd.g1#list,129999.0,Les Fougerets 56200,71.0,418,4.0,1831.0
Maison 187m² à les fougerets,https://www.etreproprio.com/immobilier-18837145-vente-maison-187m-a-les-fougerets-les-fougerets,56060,https://www.etreproprio.com/annonces/th.lc56060-r0.odd.g1#list,375120.0,Les Fougerets 56200,187.0,7 730,7.0,2006.0
Coup de cœur ! maison de plain-pied entièrement redécorée à la gacilly,https://www.etreproprio.com/immobilier-23876846-vente-coup-de-coeur-maison-de-plain-pied-entierement-redecoree-a-la-gacilly-la-gacilly,56061,https://www.etreproprio.com/annonces/th.lc56061-r0.odd.g1#list,169600.0,La Gacilly 56200,67.0,175,3.0,2531.0
Maison 102m² à la gacilly,https://www.etreproprio.com/immobilier-23800451-vente-maison-102m-a-la-gacilly-la-gacilly,56061,https://www.etreproprio.com/annonces/th.lc56061-r0.odd.g1#list,230000.0,La Gacilly 56200,102.0,511,5.0,2255.0
Maison 166m² à la gacilly,https://www.etreproprio.com/immobilier-23492929-vente-maison-166m-a-la-gacilly-la-gacilly,56061,https://www.etreproprio.com/annonces/th.lc56061-r0.odd.g1#list,276000.0,La Gacilly 56200,166.0,5 208,8.0,1663.0
Maison 104m² à la gacilly,https://www.etreproprio.com/immobilier-23755993-vente-maison-104m-a-la-gacilly-la-gacilly,56061,https://www.etreproprio.com/annonces/th.lc56061-r0.odd.g1#list,198500.0,La Gacilly 56200,104.0,270,6.0,1909.0
Magnifique longère proche de la gacilly avec 6 chambres.,https://www.etreproprio.com/immobilier-23750209-vente-magnifique-longere-proche-de-la-gacilly-avec-6-chambres-la-gacilly,56061,https://www.etreproprio.com/annonces/th.lc56061-r0.odd.g1#list,369900.0,La Gacilly 56200,222.0,1 702,8.0,1666.0
Maison neuve en ossature bois - 809 m² terrain - belle possibilité,https://www.etreproprio.com/immobilier-23668925-vente-maison-neuve-en-ossature-bois-809-m-terrain-belle-possibilite-la-gacilly,56061,https://www.etreproprio.com/annonces/th.lc56061-r0.odd.g1#list,100000.0,La Gacilly 56200,43.0,,3.0,2326.0
Maison 136m² à la gacilly,https://www.etreproprio.com/immobilier-23612008-vente-maison-136m-a-la-gacilly-la-gacilly,56061,https://www.etreproprio.com/annonces/th.lc56061-r0.odd.g1#list,376000.0,La Gacilly 56200,136.0,4 004,5.0,2765.0
Maison à vendre 5 pièces la gacilly (56),https://www.etreproprio.com/immobilier-23484847-vente-maison-a-vendre-5-pieces-la-gacilly-56-la-gacilly,56061,https://www.etreproprio.com/annonces/th.lc56061-r0.odd.g1#list,188100.0,La Gacilly 56200,125.0,175,5.0,1505.0
Maison 153m² à la gacilly,https://www.etreproprio.com/immobilier-23388413-vente-maison-153m-a-la-gacilly-la-gacilly,56061,https://www.etreproprio.com/annonces/th.lc56061-r0.odd.g1#list,298000.0,La Gacilly 56200,153.0,1 000,6.0,1948.0
Maison la gacilly 6 pièce(s) 160 m2,https://www.etreproprio.com/immobilier-22660730-vente-maison-la-gacilly-6-pieces-160-m2-la-gacilly,56061,https://www.etreproprio.com/annonces/th.lc56061-r0.odd.g1#list,298000.0,La Gacilly 56200,153.0,1 000,7.0,1948.0
Maison t5 a vendre - la gacilly,https://www.etreproprio.com/immobilier-23437476-vente-maison-t5-a-vendre-la-gacilly-la-gacilly,56061,https://www.etreproprio.com/annonces/th.lc56061-r0.odd.g1#list,108900.0,La Gacilly 56200,99.0,,,1100.0
Maison 210m² à la gacilly,https://www.etreproprio.com/immobilier-23341236-vente-maison-210m-a-la-gacilly-la-gacilly,56061,https://www.etreproprio.com/annonces/th.lc56061-r0.odd.g1#list,235295.0,La Gacilly 56200,210.0,564,9.0,1120.0
Maison 55m² à la gacilly,https://www.etreproprio.com/immobilier-23337371-vente-maison-55m-a-la-gacilly-la-gacilly,56061,https://www.etreproprio.com/annonces/th.lc56061-r0.odd.g1#list,55000.0,La Gacilly 56200,55.0,172,3.0,1000.0
Maison 177m² à la gacilly,https://www.etreproprio.com/immobilier-23318511-vente-maison-177m-a-la-gacilly-la-gacilly,56061,https://www.etreproprio.com/annonces/th.lc56061-r0.odd.g1#list,265000.0,La Gacilly 56200,177.0,762,9.0,1497.0
Maison la gacilly 7 pièce(s) 123 m2,https://www.etreproprio.com/immobilier-23265722-vente-maison-la-gacilly-7-pieces-123-m2-la-gacilly,56061,https://www.etreproprio.com/annonces/th.lc56061-r0.odd.g1#list,214790.0,La Gacilly 56200,123.0,2 076,7.0,1746.0
Maison 210m² à la gacilly,https://www.etreproprio.com/immobilier-23220493-vente-maison-210m-a-la-gacilly-la-gacilly,56061,https://www.etreproprio.com/annonces/th.lc56061-r0.odd.g1#list,229000.0,La Gacilly 56200,210.0,564,7.0,1090.0
Maison pipriac 6 pièce(s) 180 m2,https://www.etreproprio.com/immobilier-22786555-vente-maison-pipriac-6-pieces-180-m2-la-gacilly,56061,https://www.etreproprio.com/annonces/th.lc56061-r0.odd.g1#list,349900.0,La Gacilly 56200,182.0,11 500,6.0,1923.0
Maison pipriac 6 pièce(s) 210 m2,https://www.etreproprio.com/immobilier-22657384-vente-maison-pipriac-6-pieces-210-m2-la-gacilly,56061,https://www.etreproprio.com/annonces/th.lc56061-r0.odd.g1#list,344000.0,La Gacilly 56200,210.0,2 800,6.0,1638.0
Maison 320m² à la gacilly,https://www.etreproprio.com/immobilier-22577955-vente-maison-320m-a-la-gacilly-la-gacilly,56061,https://www.etreproprio.com/annonces/th.lc56061-r0.odd.g1#list,947000.0,La Gacilly 56200,320.0,15 380,8.0,2959.0
Maison 150m² à la gacilly,https://www.etreproprio.com/immobilier-21381191-vente-maison-150m-a-la-gacilly-la-gacilly,56061,https://www.etreproprio.com/annonces/th.lc56061-r0.odd.g1#list,171000.0,La Gacilly 56200,150.0,1 194,6.0,1140.0
Maison la gacilly 6 pièce(s) 152 m2,https://www.etreproprio.com/immobilier-14951820-vente-maison-la-gacilly-6-pieces-152-m2-la-gacilly,56061,https://www.etreproprio.com/annonces/th.lc56061-r0.odd.g2#list,170000.0,La Gacilly 56200,152.0,1 195,6.0,1118.0
Maison 121m² à gavres,https://www.etreproprio.com/immobilier-23718193-vente-maison-121m-a-gavres-gavres,56062,https://www.etreproprio.com/annonces/th.lc56062-r0.odd.g1#list,294000.0,Gavres 56680,121.0,107,4.0,2430.0
A vendre proche mer ! gavres maison 87m2  ! la vague immobilière !,https://www.etreproprio.com/immobilier-22725954-vente-a-vendre-proche-mer-gavres-maison-87m2-la-vague-immobiliere-gavres,56062,https://www.etreproprio.com/annonces/th.lc56062-r0.odd.g1#list,299250.0,Gavres 56680,87.0,72,5.0,3440.0
A vendre proche mer ! gavres maison 121 m2  ! la vague immobilière !,https://www.etreproprio.com/immobilier-22725955-vente-a-vendre-proche-mer-gavres-maison-121-m2-la-vague-immobiliere-gavres,56062,https://www.etreproprio.com/annonces/th.lc56062-r0.odd.g1#list,404250.0,Gavres 56680,121.0,214,5.0,3341.0
Maison spacieuse avec potentiel et vue mer possible ? coeur du village de gâvres,https://www.etreproprio.com/immobilier-23568318-vente-maison-spacieuse-avec-potentiel-et-vue-mer-possible-coeur-du-village-de-gavres-gavres,56062,https://www.etreproprio.com/annonces/th.lc56062-r0.odd.g1#list,404250.0,Gavres 56680,121.0,210,4.0,3341.0
"Maison de caractère avec vue mer ? à 50 m de la plage, gâvres",https://www.etreproprio.com/immobilier-23556694-vente-maison-de-caractere-avec-vue-mer-a-50-m-de-la-plage-gavres-gavres,56062,https://www.etreproprio.com/annonces/th.lc56062-r0.odd.g1#list,299960.0,Gavres 56680,93.0,72,5.0,3225.0
Maison gâvres vue océan,https://www.etreproprio.com/immobilier-19469669-vente-maison-gavres-vue-ocean-gavres,56062,https://www.etreproprio.com/annonces/th.lc56062-r0.odd.g1#list,315000.0,Gavres 56680,117.0,480,6.0,2692.0
Maison gavres 180m²,https://www.etreproprio.com/immobilier-23143390-vente-maison-gavres-180m-gavres,56062,https://www.etreproprio.com/annonces/th.lc56062-r0.odd.g1#list,546000.0,Gavres 56680,180.0,380,5.0,3033.0
"Morbihan sud à gâvres maison 6 pièce(s) 4 chambres, jardin, garage et atelier",https://www.etreproprio.com/immobilier-22564907-vente-morbihan-sud-a-gavres-maison-6-pieces-4-chambres-jardin-garage-et-atelier-gavres,56062,https://www.etreproprio.com/annonces/th.lc56062-r0.odd.g1#list,357000.0,Gavres 56680,98.0,255,6.0,3643.0
Maison 115m² à gavres,https://www.etreproprio.com/immobilier-22074856-vente-maison-115m-a-gavres-gavres,56062,https://www.etreproprio.com/annonces/th.lc56062-r0.odd.g1#list,353600.0,Gavres 56680,115.0,255,6.0,3075.0
Maison 110m² à gestel,https://www.etreproprio.com/immobilier-23786296-vente-maison-110m-a-gestel-gestel,56063,https://www.etreproprio.com/annonces/th.lc56063-r0.odd.g1#list,332900.0,Gestel 56530,110.0,401,5.0,3026.0
Gestel maison familiale avec vie de plain-pied,https://www.etreproprio.com/immobilier-23715074-vente-gestel-maison-familiale-avec-vie-de-plain-pied-gestel,56063,https://www.etreproprio.com/annonces/th.lc56063-r0.odd.g1#list,361000.0,Gestel 56530,102.0,422,6.0,3539.0
Maison 102m² à gestel,https://www.etreproprio.com/immobilier-23219654-vente-maison-102m-a-gestel-gestel,56063,https://www.etreproprio.com/annonces/th.lc56063-r0.odd.g1#list,361000.0,Gestel 56530,102.0,422,6.0,3539.0
Maison 91m² à gestel,https://www.etreproprio.com/immobilier-23507717-vente-maison-91m-a-gestel-gestel,56063,https://www.etreproprio.com/annonces/th.lc56063-r0.odd.g1#list,385000.0,Gestel 56530,91.0,778,4.0,4231.0
Maison 110m² à gestel,https://www.etreproprio.com/immobilier-23482715-vente-maison-110m-a-gestel-gestel,56063,https://www.etreproprio.com/annonces/th.lc56063-r0.odd.g1#list,270000.0,Gestel 56530,110.0,,5.0,2455.0
Gestel maison avec vie de plain-pied et 930m2 de terrain,https://www.etreproprio.com/immobilier-22402546-vente-gestel-maison-avec-vie-de-plain-pied-et-930m2-de-terrain-gestel,56063,https://www.etreproprio.com/annonces/th.lc56063-r0.odd.g1#list,235125.0,Gestel 56530,102.0,931,6.0,2305.0
Maison 133m² à gourhel,https://www.etreproprio.com/immobilier-23232454-vente-maison-133m-a-gourhel-gourhel,56065,https://www.etreproprio.com/annonces/th.lc56065-r0.odd.g1#list,244300.0,Gourhel 56800,133.0,1 187,8.0,1837.0
Maison 116 m2 gourhel,https://www.etreproprio.com/immobilier-23833218-vente-maison-116-m2-gourhel-gourhel,56065,https://www.etreproprio.com/annonces/th.lc56065-r0.odd.g1#list,134500.0,Gourhel 56800,116.0,550,6.0,1159.0
Maison gourhel 4 pièces 90 m2,https://www.etreproprio.com/immobilier-23555964-vente-maison-gourhel-4-pieces-90-m2-gourhel,56065,https://www.etreproprio.com/annonces/th.lc56065-r0.odd.g1#list,239000.0,Gourhel 56800,90.0,461,4.0,2656.0
Maison 115m² à gourin,https://www.etreproprio.com/immobilier-23387561-vente-maison-115m-a-gourin-gourin,56066,https://www.etreproprio.com/annonces/th.lc56066-r0.odd.g1#list,137180.0,Gourin 56110,115.0,777,6.0,1193.0
Maison 119m² à gourin,https://www.etreproprio.com/immobilier-23387596-vente-maison-119m-a-gourin-gourin,56066,https://www.etreproprio.com/annonces/th.lc56066-r0.odd.g1#list,175956.0,Gourin 56110,119.0,1 186,6.0,1479.0
Maison 82m² à gourin,https://www.etreproprio.com/immobilier-23888906-vente-maison-82m-a-gourin-gourin,56066,https://www.etreproprio.com/annonces/th.lc56066-r0.odd.g1#list,137180.0,Gourin 56110,83.0,539,3.0,1653.0
Maison 83m² à gourin,https://www.etreproprio.com/immobilier-23893606-vente-maison-83m-a-gourin-gourin,56066,https://www.etreproprio.com/annonces/th.lc56066-r0.odd.g1#list,138000.0,Gourin 56110,83.0,539,4.0,1663.0
Maison 108m² à gourin,https://www.etreproprio.com/immobilier-23882670-vente-maison-108m-a-gourin-gourin,56066,https://www.etreproprio.com/annonces/th.lc56066-r0.odd.g1#list,199000.0,Gourin 56110,108.0,3 288,5.0,1843.0
Maison d’architecte contemporaine de plain-pied – 151 m² – gourin (56),https://www.etreproprio.com/immobilier-23614034-vente-maison-d-architecte-contemporaine-de-plain-pied-151-m-gourin-56-gourin,56066,https://www.etreproprio.com/annonces/th.lc56066-r0.odd.g1#list,349000.0,Gourin 56110,151.0,4 635,6.0,2311.0
Maison 112m² à gourin,https://www.etreproprio.com/immobilier-23868177-vente-maison-112m-a-gourin-gourin,56066,https://www.etreproprio.com/annonces/th.lc56066-r0.odd.g1#list,252460.0,Gourin 56110,112.0,1 044,6.0,2254.0
Maison 74m² à gourin,https://www.etreproprio.com/immobilier-23387523-vente-maison-74m-a-gourin-gourin,56066,https://www.etreproprio.com/annonces/th.lc56066-r0.odd.g1#list,126700.0,Gourin 56110,74.0,900,6.0,1712.0
Maison 4 chambres 131m2 a saint-ave,https://www.etreproprio.com/immobilier-22928795-vente-maison-4-chambres-131m2-a-saint-ave-saint-ave,56206,https://www.etreproprio.com/annonces/th.lc56206-r0.odd.g3#list,294200.0,Saint-Ave 56890,131.0,523,6.0,2246.0
Maison 285m² à saint-ave,https://www.etreproprio.com/immobilier-22889146-vente-maison-285m-a-saint-ave-saint-ave,56206,https://www.etreproprio.com/annonces/th.lc56206-r0.odd.g3#list,872000.0,Saint-Ave 56890,285.0,1 236,7.0,3060.0
Maison saint ave 285.18 m2,https://www.etreproprio.com/immobilier-22871570-vente-maison-saint-ave-28518-m2-saint-ave,56206,https://www.etreproprio.com/annonces/th.lc56206-r0.odd.g3#list,875500.0,Saint-Ave 56890,285.0,1 236,6.0,3072.0
Maison - 1500 m2 - 147 m2 - saint avé,https://www.etreproprio.com/immobilier-22868413-vente-maison-1500-m2-147-m2-saint-ave-saint-ave,56206,https://www.etreproprio.com/annonces/th.lc56206-r0.odd.g3#list,719000.0,Saint-Ave 56890,147.0,1 500,7.0,4891.0
Maison 272m² à saint-ave,https://www.etreproprio.com/immobilier-22750418-vente-maison-272m-a-saint-ave-saint-ave,56206,https://www.etreproprio.com/annonces/th.lc56206-r0.odd.g3#list,884000.0,Saint-Ave 56890,272.0,4 015,12.0,3250.0
Saint-ave - maison 150 m ²,https://www.etreproprio.com/immobilier-19643951-vente-saint-ave-maison-150-m-saint-ave,56206,https://www.etreproprio.com/annonces/th.lc56206-r0.odd.g3#list,543000.0,Saint-Ave 56890,150.0,450,6.0,3620.0
Rare opportunité proche des commerces dans un quartier recherché,https://www.etreproprio.com/immobilier-22691963-vente-rare-opportunite-proche-des-commerces-dans-un-quartier-recherche-saint-ave,56206,https://www.etreproprio.com/annonces/th.lc56206-r0.odd.g3#list,475000.0,Saint-Ave 56890,132.0,830,7.0,3598.0
Maison familiale 150 m² au calme,https://www.etreproprio.com/immobilier-22662278-vente-maison-familiale-150-m-au-calme-saint-ave,56206,https://www.etreproprio.com/annonces/th.lc56206-r0.odd.g3#list,543400.0,Saint-Ave 56890,150.0,450,5.0,3623.0
Maison 288m² à saint-ave,https://www.etreproprio.com/immobilier-22661849-vente-maison-288m-a-saint-ave-saint-ave,56206,https://www.etreproprio.com/annonces/th.lc56206-r0.odd.g3#list,1040000.0,Saint-Ave 56890,288.0,10 000,15.0,3611.0
Saint-avé - maison 7 pièces - 147 m² sur 1500 m² de terrain,https://www.etreproprio.com/immobilier-20910343-vente-saint-ave-maison-7-pieces-147-m-sur-1500-m-de-terrain-saint-ave,56206,https://www.etreproprio.com/annonces/th.lc56206-r0.odd.g3#list,719000.0,Saint-Ave 56890,147.0,1 500,7.0,4891.0
Maison 110m² à saint-ave,https://www.etreproprio.com/immobilier-22548458-vente-maison-110m-a-saint-ave-saint-ave,56206,https://www.etreproprio.com/annonces/th.lc56206-r0.odd.g3#list,312000.0,Saint-Ave 56890,110.0,2 285,5.0,2836.0
"Maison charmante à saint-avé, 111 m², 4 chambres",https://www.etreproprio.com/immobilier-19613707-vente-maison-charmante-a-saint-ave-111-m-4-chambres-saint-ave,56206,https://www.etreproprio.com/annonces/th.lc56206-r0.odd.g3#list,312500.0,Saint-Ave 56890,111.0,2 285,5.0,2815.0
Maison exceptionnelle saint avé 5 pièces de 148 m2,https://www.etreproprio.com/immobilier-22273759-vente-maison-exceptionnelle-saint-ave-5-pieces-de-148-m2-saint-ave,56206,https://www.etreproprio.com/annonces/th.lc56206-r0.odd.g3#list,598500.0,Saint-Ave 56890,148.0,461,5.0,4044.0
Quartier des etangs,https://www.etreproprio.com/immobilier-22140710-vente-quartier-des-etangs-saint-ave,56206,https://www.etreproprio.com/annonces/th.lc56206-r0.odd.g3#list,460000.0,Saint-Ave 56890,150.0,530,6.0,3067.0
Maison 165m² à saint-ave,https://www.etreproprio.com/immobilier-21941397-vente-maison-165m-a-saint-ave-saint-ave,56206,https://www.etreproprio.com/annonces/th.lc56206-r0.odd.g4#list,488250.0,Saint-Ave 56890,165.0,321,7.0,2959.0
Maison saint-avé 90 m²,https://www.etreproprio.com/immobilier-21943870-vente-maison-saint-ave-90-m-saint-ave,56206,https://www.etreproprio.com/annonces/th.lc56206-r0.odd.g4#list,316500.0,Saint-Ave 56890,90.0,389,5.0,3517.0
Maison 188m² à saint-ave,https://www.etreproprio.com/immobilier-21610888-vente-maison-188m-a-saint-ave-saint-ave,56206,https://www.etreproprio.com/annonces/th.lc56206-r0.odd.g4#list,799700.0,Saint-Ave 56890,188.0,594,7.0,4254.0
Maison 151m² à saint-ave,https://www.etreproprio.com/immobilier-21515368-vente-maison-151m-a-saint-ave-saint-ave,56206,https://www.etreproprio.com/annonces/th.lc56206-r0.odd.g4#list,493500.0,Saint-Ave 56890,151.0,660,8.0,3268.0
Maison 100m² à saint-ave,https://www.etreproprio.com/immobilier-21022855-vente-maison-100m-a-saint-ave-saint-ave,56206,https://www.etreproprio.com/annonces/th.lc56206-r0.odd.g4#list,451500.0,Saint-Ave 56890,100.0,550,4.0,4515.0
Maison 280m² à saint-ave,https://www.etreproprio.com/immobilier-20910533-vente-maison-280m-a-saint-ave-saint-ave,56206,https://www.etreproprio.com/annonces/th.lc56206-r0.odd.g4#list,1155000.0,Saint-Ave 56890,280.0,1 000,7.0,4125.0
"Maison traditionnelle, individuelle, vie plain pied & sous-sol complet - 180m2 hab",https://www.etreproprio.com/immobilier-19090974-vente-maison-traditionnelle-individuelle-vie-plain-pied-sous-sol-complet-180m2-hab-saint-ave,56206,https://www.etreproprio.com/annonces/th.lc56206-r0.odd.g4#list,397500.0,Saint-Ave 56890,180.0,574,7.0,2208.0
Maison saint congard 4 pièce(s) 115 m2,https://www.etreproprio.com/immobilier-23891315-vente-maison-saint-congard-4-pieces-115-m2-saint-congard,56211,https://www.etreproprio.com/annonces/th.lc56211-r0.odd.g1#list,202560.0,Saint-Congard 56140,94.0,1 542,4.0,2155.0
Maison de village,https://www.etreproprio.com/immobilier-23856298-vente-maison-de-village-saint-congard,56211,https://www.etreproprio.com/annonces/th.lc56211-r0.odd.g1#list,157000.0,Saint-Congard 56140,50.0,2 360,2.0,3140.0
Maison 259m² à saint-congard,https://www.etreproprio.com/immobilier-21515452-vente-maison-259m-a-saint-congard-saint-congard,56211,https://www.etreproprio.com/annonces/th.lc56211-r0.odd.g1#list,418000.0,Saint-Congard 56140,259.0,1 000,8.0,1614.0
Maison 127m² à saint-dolay,https://www.etreproprio.com/immobilier-23884116-vente-maison-127m-a-saint-dolay-saint-dolay,56212,https://www.etreproprio.com/annonces/th.lc56212-r0.odd.g1#list,315000.0,Saint-Dolay 56130,127.0,1 463,5.0,2480.0
Maison 147m² à saint-dolay,https://www.etreproprio.com/immobilier-23875975-vente-maison-147m-a-saint-dolay-saint-dolay,56212,https://www.etreproprio.com/annonces/th.lc56212-r0.odd.g1#list,249600.0,Saint-Dolay 56130,147.0,1 583,6.0,1698.0
Maison de 106 m2,https://www.etreproprio.com/immobilier-23671821-vente-maison-de-106-m2-saint-dolay,56212,https://www.etreproprio.com/annonces/th.lc56212-r0.odd.g1#list,153000.0,Saint-Dolay 56130,106.0,1 130,5.0,1443.0
Maison familiale de 153 m2 sur un terrain 2 452 m2,https://www.etreproprio.com/immobilier-23801855-vente-maison-familiale-de-153-m2-sur-un-terrain-2-452-m2-saint-dolay,56212,https://www.etreproprio.com/annonces/th.lc56212-r0.odd.g1#list,340000.0,Saint-Dolay 56130,153.0,2 452,5.0,2222.0
Rare : maison + 3 garages + annexe sur grand terrain,https://www.etreproprio.com/immobilier-22284989-vente-rare-maison-3-garages-annexe-sur-grand-terrain-saint-dolay,56212,https://www.etreproprio.com/annonces/th.lc56212-r0.odd.g1#list,430000.0,Saint-Dolay 56130,176.0,7 260,6.0,2443.0
Maison bourg de st dolay,https://www.etreproprio.com/immobilier-23781963-vente-maison-bourg-de-st-dolay-saint-dolay,56212,https://www.etreproprio.com/annonces/th.lc56212-r0.odd.g1#list,190000.0,Saint-Dolay 56130,62.0,1 368,2.0,3065.0
Maison 158m² à saint-dolay,https://www.etreproprio.com/immobilier-22880640-vente-maison-158m-a-saint-dolay-saint-dolay,56212,https://www.etreproprio.com/annonces/th.lc56212-r0.odd.g1#list,268500.0,Saint-Dolay 56130,158.0,3 200,7.0,1699.0
Maison à rénover,https://www.etreproprio.com/immobilier-23748846-vente-maison-a-renover-saint-dolay,56212,https://www.etreproprio.com/annonces/th.lc56212-r0.odd.g1#list,98500.0,Saint-Dolay 56130,47.0,1 046,2.0,2096.0
Maison 99m² à saint-dolay,https://www.etreproprio.com/immobilier-23706660-vente-maison-99m-a-saint-dolay-saint-dolay,56212,https://www.etreproprio.com/annonces/th.lc56212-r0.odd.g1#list,260500.0,Saint-Dolay 56130,99.0,653,6.0,2631.0
Longère rénovée de 154 m2,https://www.etreproprio.com/immobilier-23671817-vente-longere-renovee-de-154-m2-saint-dolay,56212,https://www.etreproprio.com/annonces/th.lc56212-r0.odd.g1#list,314700.0,Saint-Dolay 56130,119.0,,4.0,2645.0
Maison 144m² à saint-dolay,https://www.etreproprio.com/immobilier-22362782-vente-maison-144m-a-saint-dolay-saint-dolay,56212,https://www.etreproprio.com/annonces/th.lc56212-r0.odd.g1#list,239000.0,Saint-Dolay 56130,144.0,1 650,6.0,1660.0
Maison 100m² à saint-dolay,https://www.etreproprio.com/immobilier-23190774-vente-maison-100m-a-saint-dolay-saint-dolay,56212,https://www.etreproprio.com/annonces/th.lc56212-r0.odd.g1#list,120000.0,Saint-Dolay 56130,100.0,574,5.0,1200.0
Saint-dolay ensemble de deux habitations,https://www.etreproprio.com/immobilier-21612743-vente-saint-dolay-ensemble-de-deux-habitations-saint-dolay,56212,https://www.etreproprio.com/annonces/th.lc56212-r0.odd.g1#list,221450.0,Saint-Dolay 56130,108.0,222,5.0,2050.0
Saint dolay,https://www.etreproprio.com/immobilier-21855067-vente-saint-dolay-saint-dolay,56212,https://www.etreproprio.com/annonces/th.lc56212-r0.odd.g1#list,225750.0,Saint-Dolay 56130,111.0,297,5.0,2034.0
Saint-dolay ensemble de deux habitations,https://www.etreproprio.com/immobilier-21600344-vente-saint-dolay-ensemble-de-deux-habitations-saint-dolay,56212,https://www.etreproprio.com/annonces/th.lc56212-r0.odd.g1#list,221450.0,Saint-Dolay 56130,108.0,222,5.0,2050.0
Maison 145m² à saint-dolay,https://www.etreproprio.com/immobilier-22268309-vente-maison-145m-a-saint-dolay-saint-dolay,56212,https://www.etreproprio.com/annonces/th.lc56212-r0.odd.g1#list,243000.0,Saint-Dolay 56130,145.0,1 640,7.0,1676.0
Saint dolay,https://www.etreproprio.com/immobilier-22730504-vente-saint-dolay-saint-dolay,56212,https://www.etreproprio.com/annonces/th.lc56212-r0.odd.g1#list,137500.0,Saint-Dolay 56130,67.0,1 058,4.0,2052.0
Maison 89m² à saint-dolay,https://www.etreproprio.com/immobilier-22661748-vente-maison-89m-a-saint-dolay-saint-dolay,56212,https://www.etreproprio.com/annonces/th.lc56212-r0.odd.g2#list,209000.0,Saint-Dolay 56130,89.0,270,4.0,2348.0
À vendre: ensemble immobilier à saint-dolay à 5 minutes du centre ville,https://www.etreproprio.com/immobilier-22200830-vente-a-vendre-ensemble-immobilier-a-saint-dolay-a-5-minutes-du-centre-ville-saint-dolay,56212,https://www.etreproprio.com/annonces/th.lc56212-r0.odd.g2#list,244000.0,Saint-Dolay 56130,165.0,1 650,7.0,1479.0
Saint dolay,https://www.etreproprio.com/immobilier-21523809-vente-saint-dolay-saint-dolay,56212,https://www.etreproprio.com/annonces/th.lc56212-r0.odd.g2#list,274000.0,Saint-Dolay 56130,136.0,1 654,5.0,2015.0
Rives de vilaine,https://www.etreproprio.com/immobilier-19848091-vente-rives-de-vilaine-saint-dolay,56212,https://www.etreproprio.com/annonces/th.lc56212-r0.odd.g2#list,285270.0,Saint-Dolay 56130,126.0,1 268,6.0,2264.0
Maison à vendre 5 pièces saint gerand croixanvec (56),https://www.etreproprio.com/immobilier-23897815-vente-maison-a-vendre-5-pieces-saint-gerand-croixanvec-56-saint-gerand,56213,https://www.etreproprio.com/annonces/th.lc56213-r0.odd.g1#list,242000.0,Saint-Gerand 56920,146.0,2 430,6.0,1658.0
À vendre – authentique longère au calme au nord  noyal pontivy,https://www.etreproprio.com/immobilier-23816362-vente-a-vendre-authentique-longere-au-calme-au-nord-noyal-pontivy-saint-gerand,56213,https://www.etreproprio.com/annonces/th.lc56213-r0.odd.g1#list,319800.0,Saint-Gerand 56920,185.0,,7.0,1729.0
Maison 100m² à saint-gerand,https://www.etreproprio.com/immobilier-23537815-vente-maison-100m-a-saint-gerand-saint-gerand,56213,https://www.etreproprio.com/annonces/th.lc56213-r0.odd.g1#list,80000.0,Saint-Gerand 56920,100.0,,5.0,800.0
"À vendre – maison à saint gérand croixanvec, terrain 800 m² – cadre calme, nature et proximité immédiate de pontivy",https://www.etreproprio.com/immobilier-22929458-vente-a-vendre-maison-a-saint-gerand-croixanvec-terrain-800-m-cadre-calme-nature-et-proximite-immediate-de-pontivy-saint-gerand,56213,https://www.etreproprio.com/annonces/th.lc56213-r0.odd.g1#list,226490.0,Saint-Gerand 56920,108.0,800,5.0,2097.0
Charmante maison  à vendre à saint-gérand-croixanvec dans le,https://www.etreproprio.com/immobilier-22550622-vente-charmante-maison-a-vendre-a-saint-gerand-croixanvec-dans-le-saint-gerand,56213,https://www.etreproprio.com/annonces/th.lc56213-r0.odd.g1#list,203190.0,Saint-Gerand 56920,189.0,513,7.0,1075.0
Maison de caractère avec jardin et hangar proche canal,https://www.etreproprio.com/immobilier-21875074-vente-maison-de-caractere-avec-jardin-et-hangar-proche-canal-saint-gerand,56213,https://www.etreproprio.com/annonces/th.lc56213-r0.odd.g1#list,159930.0,Saint-Gerand 56920,86.0,3 828,4.0,1860.0
"Dpt morbihan (56), à vendre saint gerand croixanvec maison p6 de 156 m² - terrain de 3500 m2",https://www.etreproprio.com/immobilier-21663277-vente-dpt-morbihan-56-a-vendre-saint-gerand-croixanvec-maison-p6-de-156-m-terrain-de-3500-m2-saint-gerand,56213,https://www.etreproprio.com/annonces/th.lc56213-r0.odd.g1#list,199000.0,Saint-Gerand 56920,156.0,3 572,6.0,1276.0
Maison à rénover st gerand 125 m2,https://www.etreproprio.com/immobilier-19787835-vente-maison-a-renover-st-gerand-125-m2-saint-gerand,56213,https://www.etreproprio.com/annonces/th.lc56213-r0.odd.g1#list,144450.0,Saint-Gerand 56920,126.0,2 253,4.0,1146.0
Maison saint gildas de rhuys 9 pièce(s) 135 m²,https://www.etreproprio.com/immobilier-23229717-vente-maison-saint-gildas-de-rhuys-9-pieces-135-m-saint-gildas-de-rhuys,56214,https://www.etreproprio.com/annonces/th.lc56214-r0.odd.g1#list,399000.0,Saint-Gildas-De-Rhuys 56730,132.0,495,9.0,3023.0
Vente maison rénovée  3 chambres + mezzanine  logement indépendant  saint-gildas-de-rhuys (56750),https://www.etreproprio.com/immobilier-22082660-vente-vente-maison-renovee-3-chambres-mezzanine-logement-independant-saint-gildas-de-rhuys-56750-saint-gildas-de-rhuys,56214,https://www.etreproprio.com/annonces/th.lc56214-r0.odd.g1#list,399000.0,Saint-Gildas-De-Rhuys 56730,116.0,495,5.0,3440.0
"Entre sarzeau et saint-gildas-de-rhuys ? élégance, espace et sérénité",https://www.etreproprio.com/immobilier-23846869-vente-entre-sarzeau-et-saint-gildas-de-rhuys-elegance-espace-et-serenite-saint-gildas-de-rhuys,56214,https://www.etreproprio.com/annonces/th.lc56214-r0.odd.g1#list,745000.0,Saint-Gildas-De-Rhuys 56730,150.0,1 249,7.0,4967.0
Maison 160m² à saint-gildas-de-rhuys,https://www.etreproprio.com/immobilier-23844127-vente-maison-160m-a-saint-gildas-de-rhuys-saint-gildas-de-rhuys,56214,https://www.etreproprio.com/annonces/th.lc56214-r0.odd.g1#list,735500.0,Saint-Gildas-De-Rhuys 56730,160.0,1 200,7.0,4597.0
"Saint gildas de rhuys, maison de 140 m²",https://www.etreproprio.com/immobilier-21554859-vente-saint-gildas-de-rhuys-maison-de-140-m-saint-gildas-de-rhuys,56214,https://www.etreproprio.com/annonces/th.lc56214-r0.odd.g1#list,428400.0,Saint-Gildas-De-Rhuys 56730,140.0,740,6.0,3060.0
"Saint gildas de rhuys, maison de caractère en centre-bourg",https://www.etreproprio.com/immobilier-17755259-vente-saint-gildas-de-rhuys-maison-de-caractere-en-centre-bourg-saint-gildas-de-rhuys,56214,https://www.etreproprio.com/annonces/th.lc56214-r0.odd.g1#list,988000.0,Saint-Gildas-De-Rhuys 56730,173.0,3 153,8.0,5711.0
Saint gildas de rhuys,https://www.etreproprio.com/immobilier-22668502-vente-saint-gildas-de-rhuys-saint-gildas-de-rhuys,56214,https://www.etreproprio.com/annonces/th.lc56214-r0.odd.g1#list,988000.0,Saint-Gildas-De-Rhuys 56730,173.0,3 153,8.0,5711.0
Saint gildas de rhuys - belle propriété de caractère,https://www.etreproprio.com/immobilier-22263474-vente-saint-gildas-de-rhuys-belle-propriete-de-caractere-saint-gildas-de-rhuys,56214,https://www.etreproprio.com/annonces/th.lc56214-r0.odd.g1#list,989900.0,Saint-Gildas-De-Rhuys 56730,173.0,3 153,8.0,5722.0
Maison 173m² à saint-gildas-de-rhuys,https://www.etreproprio.com/immobilier-21903335-vente-maison-173m-a-saint-gildas-de-rhuys-saint-gildas-de-rhuys,56214,https://www.etreproprio.com/annonces/th.lc56214-r0.odd.g1#list,988000.0,Saint-Gildas-De-Rhuys 56730,173.0,3 153,8.0,5711.0
Maison à vendre 8 pièces saint gildas de rhuys,https://www.etreproprio.com/immobilier-23748150-vente-maison-a-vendre-8-pieces-saint-gildas-de-rhuys-saint-gildas-de-rhuys,56214,https://www.etreproprio.com/annonces/th.lc56214-r0.odd.g1#list,630000.0,Saint-Gildas-De-Rhuys 56730,106.0,850,8.0,5943.0
Maison saint gildas de rhuys 5 pièce(s) 138 m2,https://www.etreproprio.com/immobilier-23722366-vente-maison-saint-gildas-de-rhuys-5-pieces-138-m2-saint-gildas-de-rhuys,56214,https://www.etreproprio.com/annonces/th.lc56214-r0.odd.g1#list,399000.0,Saint-Gildas-De-Rhuys 56730,138.0,1 048,5.0,2891.0
Maison 130m² à saint-gildas-de-rhuys,https://www.etreproprio.com/immobilier-23669327-vente-maison-130m-a-saint-gildas-de-rhuys-saint-gildas-de-rhuys,56214,https://www.etreproprio.com/annonces/th.lc56214-r0.odd.g1#list,825000.0,Saint-Gildas-De-Rhuys 56730,131.0,1 196,6.0,6298.0
Maison 123m² à saint-gildas-de-rhuys,https://www.etreproprio.com/immobilier-23669331-vente-maison-123m-a-saint-gildas-de-rhuys-saint-gildas-de-rhuys,56214,https://www.etreproprio.com/annonces/th.lc56214-r0.odd.g1#list,672000.0,Saint-Gildas-De-Rhuys 56730,123.0,1 640,6.0,5463.0
Maison de charme à deux pas de la plage,https://www.etreproprio.com/immobilier-23627593-vente-maison-de-charme-a-deux-pas-de-la-plage-saint-gildas-de-rhuys,56214,https://www.etreproprio.com/annonces/th.lc56214-r0.odd.g1#list,698250.0,Saint-Gildas-De-Rhuys 56730,164.0,948,5.0,4258.0
Maison saint gildas de rhuys - bord de plage,https://www.etreproprio.com/immobilier-21943704-vente-maison-saint-gildas-de-rhuys-bord-de-plage-saint-gildas-de-rhuys,56214,https://www.etreproprio.com/annonces/th.lc56214-r0.odd.g1#list,698250.0,Saint-Gildas-De-Rhuys 56730,165.0,948,5.0,4232.0
Maison t2 rénovée 'cosy' + jardin sud ? idéal pied-à-terre ou locatif à saint-gildas-de-rhuys (56),https://www.etreproprio.com/immobilier-23599758-vente-maison-t2-renovee-cosy-jardin-sud-ideal-pied-a-terre-ou-locatif-a-saint-gildas-de-rhuys-56-saint-gildas-de-rhuys,56214,https://www.etreproprio.com/annonces/th.lc56214-r0.odd.g1#list,252000.0,Saint-Gildas-De-Rhuys 56730,45.0,110,2.0,5600.0
Maison saint gildas de rhuys 5 pièce(s) 67 m2,https://www.etreproprio.com/immobilier-23567887-vente-maison-saint-gildas-de-rhuys-5-pieces-67-m2-saint-gildas-de-rhuys,56214,https://www.etreproprio.com/annonces/th.lc56214-r0.odd.g1#list,330750.0,Saint-Gildas-De-Rhuys 56730,67.0,754,5.0,4937.0
Maison saint gildas de rhuys,https://www.etreproprio.com/immobilier-23522030-vente-maison-saint-gildas-de-rhuys-saint-gildas-de-rhuys,56214,https://www.etreproprio.com/annonces/th.lc56214-r0.odd.g1#list,367500.0,Saint-Gildas-De-Rhuys 56730,95.0,438,5.0,3868.0
Maison individuelle d’exception bourg de saint gildas –,https://www.etreproprio.com/immobilier-23516963-vente-maison-individuelle-d-exception-bourg-de-saint-gildas-saint-gildas-de-rhuys,56214,https://www.etreproprio.com/annonces/th.lc56214-r0.odd.g1#list,1227000.0,Saint-Gildas-De-Rhuys 56730,230.0,612,9.0,5335.0
Maison plain-pied traditionnelle ? 3 chambres potentielles ? grand terrain 1.100 m² ? saint-gildas-de-rhuys (56730),https://www.etreproprio.com/immobilier-22911564-vente-maison-plain-pied-traditionnelle-3-chambres-potentielles-grand-terrain-1100-m-saint-gildas-de-rhuys-56730-saint-gildas-de-rhuys,56214,https://www.etreproprio.com/annonces/th.lc56214-r0.odd.g2#list,441000.0,Saint-Gildas-De-Rhuys 56730,69.0,1 155,4.0,6391.0
Maison 119m² à saint-gildas-de-rhuys,https://www.etreproprio.com/immobilier-23364330-vente-maison-119m-a-saint-gildas-de-rhuys-saint-gildas-de-rhuys,56214,https://www.etreproprio.com/annonces/th.lc56214-r0.odd.g2#list,451500.0,Saint-Gildas-De-Rhuys 56730,119.0,820,4.0,3794.0
Maison saint gildas de rhuys 5 pièce(s) 115 m²,https://www.etreproprio.com/immobilier-23099753-vente-maison-saint-gildas-de-rhuys-5-pieces-115-m-saint-gildas-de-rhuys,56214,https://www.etreproprio.com/annonces/th.lc56214-r0.odd.g2#list,577000.0,Saint-Gildas-De-Rhuys 56730,115.0,993,5.0,5017.0
Maison saint gildas de rhuys 5 pièce(s) proche plage.,https://www.etreproprio.com/immobilier-23336534-vente-maison-saint-gildas-de-rhuys-5-pieces-proche-plage-saint-gildas-de-rhuys,56214,https://www.etreproprio.com/annonces/th.lc56214-r0.odd.g2#list,509250.0,Saint-Gildas-De-Rhuys 56730,93.0,709,5.0,5476.0
Maison 178m² à saint-gildas-de-rhuys,https://www.etreproprio.com/immobilier-23338483-vente-maison-178m-a-saint-gildas-de-rhuys-saint-gildas-de-rhuys,56214,https://www.etreproprio.com/annonces/th.lc56214-r0.odd.g2#list,1059000.0,Saint-Gildas-De-Rhuys 56730,178.0,1 360,10.0,5949.0
Saint gildas de rhuys maison 5 pièces 142 m²,https://www.etreproprio.com/immobilier-22150554-vente-saint-gildas-de-rhuys-maison-5-pieces-142-m-saint-gildas-de-rhuys,56214,https://www.etreproprio.com/annonces/th.lc56214-r0.odd.g2#list,534960.0,Saint-Gildas-De-Rhuys 56730,142.0,439,5.0,3767.0
Maison 129m² à saint-gildas-de-rhuys,https://www.etreproprio.com/immobilier-23312836-vente-maison-129m-a-saint-gildas-de-rhuys-saint-gildas-de-rhuys,56214,https://www.etreproprio.com/annonces/th.lc56214-r0.odd.g2#list,504000.0,Saint-Gildas-De-Rhuys 56730,129.0,800,6.0,3907.0
"Saint-gildas bourg, maison 121 m²",https://www.etreproprio.com/immobilier-23087855-vente-saint-gildas-bourg-maison-121-m-saint-gildas-de-rhuys,56214,https://www.etreproprio.com/annonces/th.lc56214-r0.odd.g2#list,577500.0,Saint-Gildas-De-Rhuys 56730,121.0,993,4.0,4773.0
"Saint gildas de rhuys, maison de 92 m²",https://www.etreproprio.com/immobilier-23302275-vente-saint-gildas-de-rhuys-maison-de-92-m-saint-gildas-de-rhuys,56214,https://www.etreproprio.com/annonces/th.lc56214-r0.odd.g2#list,451500.0,Saint-Gildas-De-Rhuys 56730,119.0,890,4.0,3794.0
"Saint-gildas-de-rhuys bourg, maison de plain-pied",https://www.etreproprio.com/immobilier-22862478-vente-saint-gildas-de-rhuys-bourg-maison-de-plain-pied-saint-gildas-de-rhuys,56214,https://www.etreproprio.com/annonces/th.lc56214-r0.odd.g2#list,349500.0,Saint-Gildas-De-Rhuys 56730,68.0,754,4.0,5140.0
Saint gildas de rhuys,https://www.etreproprio.com/immobilier-21645573-vente-saint-gildas-de-rhuys-saint-gildas-de-rhuys,56214,https://www.etreproprio.com/annonces/th.lc56214-r0.odd.g2#list,794000.0,Saint-Gildas-De-Rhuys 56730,160.0,500,6.0,4962.0
Saint gildas de rhuys,https://www.etreproprio.com/immobilier-21918440-vente-saint-gildas-de-rhuys-saint-gildas-de-rhuys,56214,https://www.etreproprio.com/annonces/th.lc56214-r0.odd.g2#list,642000.0,Saint-Gildas-De-Rhuys 56730,113.0,279,6.0,5681.0
Saint gildas de rhuys,https://www.etreproprio.com/immobilier-22605836-vente-saint-gildas-de-rhuys-saint-gildas-de-rhuys,56214,https://www.etreproprio.com/annonces/th.lc56214-r0.odd.g2#list,649900.0,Saint-Gildas-De-Rhuys 56730,121.0,337,6.0,5371.0
Maison 197m² à saint-gildas-de-rhuys,https://www.etreproprio.com/immobilier-22946864-vente-maison-197m-a-saint-gildas-de-rhuys-saint-gildas-de-rhuys,56214,https://www.etreproprio.com/annonces/th.lc56214-r0.odd.g2#list,1133000.0,Saint-Gildas-De-Rhuys 56730,197.0,2 400,8.0,5751.0
Maison saint gildas de rhuys govelins avec vue,https://www.etreproprio.com/immobilier-22763140-vente-maison-saint-gildas-de-rhuys-govelins-avec-vue-saint-gildas-de-rhuys,56214,https://www.etreproprio.com/annonces/th.lc56214-r0.odd.g2#list,735000.0,Saint-Gildas-De-Rhuys 56730,130.0,725,5.0,5654.0
Maison - 8 pièces - 132 m² - saint-gildas-de-rhuys 56730,https://www.etreproprio.com/immobilier-22751637-vente-maison-8-pieces-132-m-saint-gildas-de-rhuys-56730-saint-gildas-de-rhuys,56214,https://www.etreproprio.com/annonces/th.lc56214-r0.odd.g2#list,630000.0,Saint-Gildas-De-Rhuys 56730,132.0,850,8.0,4773.0
Exclusivite - maison saint gildas de rhuys - t5 - 310 m2 de terrain,https://www.etreproprio.com/immobilier-21619024-vente-exclusivite-maison-saint-gildas-de-rhuys-t5-310-m2-de-terrain-saint-gildas-de-rhuys,56214,https://www.etreproprio.com/annonces/th.lc56214-r0.odd.g2#list,355000.0,Saint-Gildas-De-Rhuys 56730,101.0,318,5.0,3515.0
Saint gildas de rhuys plage des goh velin,https://www.etreproprio.com/immobilier-22318790-vente-saint-gildas-de-rhuys-plage-des-goh-velin-saint-gildas-de-rhuys,56214,https://www.etreproprio.com/annonces/th.lc56214-r0.odd.g2#list,407000.0,Saint-Gildas-De-Rhuys 56730,106.0,,4.0,3840.0
Maison 105m² à saint-gildas-de-rhuys,https://www.etreproprio.com/immobilier-22450127-vente-maison-105m-a-saint-gildas-de-rhuys-saint-gildas-de-rhuys,56214,https://www.etreproprio.com/annonces/th.lc56214-r0.odd.g2#list,323000.0,Saint-Gildas-De-Rhuys 56730,105.0,297,5.0,3076.0
Maison saint gildas de rhuys,https://www.etreproprio.com/immobilier-22448436-vente-maison-saint-gildas-de-rhuys-saint-gildas-de-rhuys,56214,https://www.etreproprio.com/annonces/th.lc56214-r0.odd.g3#list,577500.0,Saint-Gildas-De-Rhuys 56730,112.0,806,6.0,5156.0
Maison saint gildas de rhuys - proximité commerces et plages,https://www.etreproprio.com/immobilier-21978743-vente-maison-saint-gildas-de-rhuys-proximite-commerces-et-plages-saint-gildas-de-rhuys,56214,https://www.etreproprio.com/annonces/th.lc56214-r0.odd.g3#list,572000.0,Saint-Gildas-De-Rhuys 56730,110.0,730,4.0,5200.0
Maison saint gildas de rhuys - petite vue océan,https://www.etreproprio.com/immobilier-22150564-vente-maison-saint-gildas-de-rhuys-petite-vue-ocean-saint-gildas-de-rhuys,56214,https://www.etreproprio.com/annonces/th.lc56214-r0.odd.g3#list,525000.0,Saint-Gildas-De-Rhuys 56730,73.0,737,5.0,7192.0
Maison familiale spacieuse 197 m2 - proche plages et commerces ? saint-gildas-de-rhuys,https://www.etreproprio.com/immobilier-21784417-vente-maison-familiale-spacieuse-197-m2-proche-plages-et-commerces-saint-gildas-de-rhuys-saint-gildas-de-rhuys,56214,https://www.etreproprio.com/annonces/th.lc56214-r0.odd.g3#list,927000.0,Saint-Gildas-De-Rhuys 56730,197.0,1 614,9.0,4706.0
"Saint-gildas-de-rhuys, maison d'exception proche plage",https://www.etreproprio.com/immobilier-21689117-vente-saint-gildas-de-rhuys-maison-d-exception-proche-plage-saint-gildas-de-rhuys,56214,https://www.etreproprio.com/annonces/th.lc56214-r0.odd.g3#list,927000.0,Saint-Gildas-De-Rhuys 56730,197.0,1 614,8.0,4706.0
Maison neuve saint gildas de rhuys proche plages,https://www.etreproprio.com/immobilier-21304715-vente-maison-neuve-saint-gildas-de-rhuys-proche-plages-saint-gildas-de-rhuys,56214,https://www.etreproprio.com/annonces/th.lc56214-r0.odd.g3#list,410800.0,Saint-Gildas-De-Rhuys 56730,81.0,280,5.0,5072.0
"bâtiment exceptionnel avec vue mer à 180° – proposé par orpi arzon, 270 m² sur un terrain de 1 450 m²",https://www.etreproprio.com/immobilier-21197317-vente-batiment-exceptionnel-avec-vue-mer-a-180-propose-par-orpi-arzon-270-m-sur-un-terrain-de-1-450-m-saint-gildas-de-rhuys,56214,https://www.etreproprio.com/annonces/th.lc56214-r0.odd.g3#list,882000.0,Saint-Gildas-De-Rhuys 56730,300.0,1 450,8.0,2940.0
maison familiale à 1 km des plages – proposée par orpi arzon,https://www.etreproprio.com/immobilier-19871400-vente-maison-familiale-a-1-km-des-plages-proposee-par-orpi-arzon-saint-gildas-de-rhuys,56214,https://www.etreproprio.com/annonces/th.lc56214-r0.odd.g3#list,449000.0,Saint-Gildas-De-Rhuys 56730,125.0,700,5.0,3592.0
"Presqu'ile de rhuys - entre golfe et océan, maison pierre et caractère - 80 m² au sol.",https://www.etreproprio.com/immobilier-16229154-vente-presqu-ile-de-rhuys-entre-golfe-et-ocean-maison-pierre-et-caractere-80-m-au-sol-saint-gildas-de-rhuys,56214,https://www.etreproprio.com/annonces/th.lc56214-r0.odd.g3#list,377000.0,Saint-Gildas-De-Rhuys 56730,74.0,388,4.0,5095.0
Maison de campagne,https://www.etreproprio.com/immobilier-23865731-vente-maison-de-campagne-saint-gonnery,56215,https://www.etreproprio.com/annonces/th.lc56215-r0.odd.g1#list,168500.0,Saint-Gonnery 56920,115.0,2 600,8.0,1465.0
Maison 63m² à saint-gonnery,https://www.etreproprio.com/immobilier-23790361-vente-maison-63m-a-saint-gonnery-saint-gonnery,56215,https://www.etreproprio.com/annonces/th.lc56215-r0.odd.g1#list,130000.0,Saint-Gonnery 56920,63.0,502,4.0,2063.0
Maison 115m² à saint-gonnery,https://www.etreproprio.com/immobilier-23504577-vente-maison-115m-a-saint-gonnery-saint-gonnery,56215,https://www.etreproprio.com/annonces/th.lc56215-r0.odd.g1#list,168500.0,Saint-Gonnery 56920,115.0,2 474,7.0,1465.0
Maison 184m² à saint-gonnery,https://www.etreproprio.com/immobilier-21526069-vente-maison-184m-a-saint-gonnery-saint-gonnery,56215,https://www.etreproprio.com/annonces/th.lc56215-r0.odd.g1#list,263750.0,Saint-Gonnery 56920,184.0,4 979,7.0,1433.0
"À saint-gonnery, maison à vendre de 184m2 avec terrain de 4 979 m2",https://www.etreproprio.com/immobilier-21993203-vente-a-saint-gonnery-maison-a-vendre-de-184m2-avec-terrain-de-4-979-m2-saint-gonnery,56215,https://www.etreproprio.com/annonces/th.lc56215-r0.odd.g1#list,263750.0,Saint-Gonnery 56920,184.0,4 979,7.0,1433.0
Maison de campagne à rénover,https://www.etreproprio.com/immobilier-22996474-vente-maison-de-campagne-a-renover-saint-gonnery,56215,https://www.etreproprio.com/annonces/th.lc56215-r0.odd.g1#list,49990.0,Saint-Gonnery 56920,110.0,1 900,3.0,454.0
Maison 101m² à saint-gonnery,https://www.etreproprio.com/immobilier-22710968-vente-maison-101m-a-saint-gonnery-saint-gonnery,56215,https://www.etreproprio.com/annonces/th.lc56215-r0.odd.g1#list,278000.0,Saint-Gonnery 56920,101.0,6 966,5.0,2752.0
Maison récente,https://www.etreproprio.com/immobilier-21961669-vente-maison-recente-saint-gonnery,56215,https://www.etreproprio.com/annonces/th.lc56215-r0.odd.g1#list,280000.0,Saint-Gonnery 56920,101.0,6 966,4.0,2772.0
Maison 80m² à saint-gorgon,https://www.etreproprio.com/immobilier-23873010-vente-maison-80m-a-saint-gorgon-saint-gorgon,56216,https://www.etreproprio.com/annonces/th.lc56216-r0.odd.g1#list,167000.0,Saint-Gorgon 56350,80.0,5 780,5.0,2088.0
Maison 97m² à saint-gorgon,https://www.etreproprio.com/immobilier-23490542-vente-maison-97m-a-saint-gorgon-saint-gorgon,56216,https://www.etreproprio.com/annonces/th.lc56216-r0.odd.g1#list,169000.0,Saint-Gorgon 56350,97.0,2 300,5.0,1742.0
Maison 190m² à saint-grave,https://www.etreproprio.com/immobilier-23660932-vente-maison-190m-a-saint-grave-saint-grave,56218,https://www.etreproprio.com/annonces/th.lc56218-r0.odd.g1#list,249000.0,Saint-Grave 56220,190.0,470,9.0,1311.0
Maison 250m² à saint-grave,https://www.etreproprio.com/immobilier-22956826-vente-maison-250m-a-saint-grave-saint-grave,56218,https://www.etreproprio.com/annonces/th.lc56218-r0.odd.g1#list,340000.0,Saint-Grave 56220,250.0,3 580,10.0,1360.0
Maison 118m² à saint-grave,https://www.etreproprio.com/immobilier-23472338-vente-maison-118m-a-saint-grave-saint-grave,56218,https://www.etreproprio.com/annonces/th.lc56218-r0.odd.g1#list,262000.0,Saint-Grave 56220,118.0,900,5.0,2220.0
Maison 139m² à saint-grave,https://www.etreproprio.com/immobilier-23259800-vente-maison-139m-a-saint-grave-saint-grave,56218,https://www.etreproprio.com/annonces/th.lc56218-r0.odd.g1#list,318000.0,Saint-Grave 56220,139.0,2 000,5.0,2288.0
Maison 111m² à saint-grave,https://www.etreproprio.com/immobilier-22957327-vente-maison-111m-a-saint-grave-saint-grave,56218,https://www.etreproprio.com/annonces/th.lc56218-r0.odd.g1#list,217000.0,Saint-Grave 56220,111.0,860,5.0,1955.0
Maison à vendre saint gravé,https://www.etreproprio.com/immobilier-22931263-vente-maison-a-vendre-saint-grave-saint-grave,56218,https://www.etreproprio.com/annonces/th.lc56218-r0.odd.g1#list,99000.0,Saint-Grave 56220,65.0,,4.0,1523.0
Charmante maison au calme,https://www.etreproprio.com/immobilier-22867302-vente-charmante-maison-au-calme-saint-grave,56218,https://www.etreproprio.com/annonces/th.lc56218-r0.odd.g1#list,95000.0,Saint-Grave 56220,66.0,2 239,3.0,1439.0
Maison contemporaine,https://www.etreproprio.com/immobilier-23343647-vente-maison-contemporaine-saint-guyomard,56219,https://www.etreproprio.com/annonces/th.lc56219-r0.odd.g1#list,311500.0,Saint-Guyomard 56460,142.0,1 200,8.0,2194.0
Charmante longère au calme,https://www.etreproprio.com/immobilier-23585685-vente-charmante-longere-au-calme-saint-guyomard,56219,https://www.etreproprio.com/annonces/th.lc56219-r0.odd.g1#list,266770.0,Saint-Guyomard 56460,119.0,440,6.0,2242.0
Maison en pierre à saint-guyomard,https://www.etreproprio.com/immobilier-23468968-vente-maison-en-pierre-a-saint-guyomard-saint-guyomard,56219,https://www.etreproprio.com/annonces/th.lc56219-r0.odd.g1#list,160000.0,Saint-Guyomard 56460,76.0,291,5.0,2105.0
Maison 137m² à sainte-helene,https://www.etreproprio.com/immobilier-23894752-vente-maison-137m-a-sainte-helene-sainte-helene,56220,https://www.etreproprio.com/annonces/th.lc56220-r0.odd.g1#list,449900.0,Sainte-Helene 56700,137.0,,5.0,3284.0
Maison 90m² à sainte-helene,https://www.etreproprio.com/immobilier-23894751-vente-maison-90m-a-sainte-helene-sainte-helene,56220,https://www.etreproprio.com/annonces/th.lc56220-r0.odd.g1#list,299900.0,Sainte-Helene 56700,90.0,,6.0,3332.0
Maison 145m² à sainte-helene,https://www.etreproprio.com/immobilier-22734044-vente-maison-145m-a-sainte-helene-sainte-helene,56220,https://www.etreproprio.com/annonces/th.lc56220-r0.odd.g1#list,575000.0,Sainte-Helene 56700,145.0,206,5.0,3966.0
Maison 84m² à sainte-helene,https://www.etreproprio.com/immobilier-23734468-vente-maison-84m-a-sainte-helene-sainte-helene,56220,https://www.etreproprio.com/annonces/th.lc56220-r0.odd.g1#list,233200.0,Sainte-Helene 56700,84.0,275,3.0,2776.0
Maison à vendre sainte-hélène,https://www.etreproprio.com/immobilier-23614138-vente-maison-a-vendre-sainte-helene-sainte-helene,56220,https://www.etreproprio.com/annonces/th.lc56220-r0.odd.g1#list,436600.0,Sainte-Helene 56700,127.0,1 806,6.0,3438.0
Maison sainte helene 6 pièce(s) - proche ria,https://www.etreproprio.com/immobilier-22398438-vente-maison-sainte-helene-6-pieces-proche-ria-sainte-helene,56220,https://www.etreproprio.com/annonces/th.lc56220-r0.odd.g1#list,449350.0,Sainte-Helene 56700,135.0,2 000,6.0,3329.0
Maison sur la ria d'etel,https://www.etreproprio.com/immobilier-23042731-vente-maison-sur-la-ria-d-etel-sainte-helene,56220,https://www.etreproprio.com/annonces/th.lc56220-r0.odd.g1#list,449600.0,Sainte-Helene 56700,135.0,2 000,5.0,3330.0
Maison 162m² à sainte-helene,https://www.etreproprio.com/immobilier-23079546-vente-maison-162m-a-sainte-helene-sainte-helene,56220,https://www.etreproprio.com/annonces/th.lc56220-r0.odd.g1#list,499500.0,Sainte-Helene 56700,162.0,385,6.0,3083.0
Maison sainte helene 4 pièce(s) 82 m2,https://www.etreproprio.com/immobilier-23152899-vente-maison-sainte-helene-4-pieces-82-m2-sainte-helene,56220,https://www.etreproprio.com/annonces/th.lc56220-r0.odd.g1#list,280500.0,Sainte-Helene 56700,82.0,450,4.0,3421.0
Maison 124m² à saint-jacut-les-pins,https://www.etreproprio.com/immobilier-23426175-vente-maison-124m-a-saint-jacut-les-pins-saint-jacut-les-pins,56221,https://www.etreproprio.com/annonces/th.lc56221-r0.odd.g1#list,294000.0,Saint-Jacut-Les-Pins 56220,124.0,1 488,5.0,2371.0
Maison 145m² à saint-jacut-les-pins,https://www.etreproprio.com/immobilier-23390131-vente-maison-145m-a-saint-jacut-les-pins-saint-jacut-les-pins,56221,https://www.etreproprio.com/annonces/th.lc56221-r0.odd.g1#list,289000.0,Saint-Jacut-Les-Pins 56220,145.0,668,5.0,1993.0
Maison 184m² à saint-jacut-les-pins,https://www.etreproprio.com/immobilier-21474571-vente-maison-184m-a-saint-jacut-les-pins-saint-jacut-les-pins,56221,https://www.etreproprio.com/annonces/th.lc56221-r0.odd.g1#list,314700.0,Saint-Jacut-Les-Pins 56220,184.0,3 120,8.0,1710.0
Maison familliale avec belle vue dégagée,https://www.etreproprio.com/immobilier-23043114-vente-maison-familliale-avec-belle-vue-degagee-saint-jacut-les-pins,56221,https://www.etreproprio.com/annonces/th.lc56221-r0.odd.g1#list,236900.0,Saint-Jacut-Les-Pins 56220,133.0,1 520,7.0,1781.0
Maison 130m² à saint-jean-brevelay,https://www.etreproprio.com/immobilier-23768733-vente-maison-130m-a-saint-jean-brevelay-saint-jean-brevelay,56222,https://www.etreproprio.com/annonces/th.lc56222-r0.odd.g1#list,363000.0,Saint-Jean-Brevelay 56660,130.0,576,7.0,2792.0
Maison contemporaine - 127 m² - saint jean brévelay,https://www.etreproprio.com/immobilier-22890033-vente-maison-contemporaine-127-m-saint-jean-brevelay-saint-jean-brevelay,56222,https://www.etreproprio.com/annonces/th.lc56222-r0.odd.g1#list,364500.0,Saint-Jean-Brevelay 56660,127.0,570,9.0,2870.0
Maison 45m² à saint-jean-brevelay,https://www.etreproprio.com/immobilier-23730645-vente-maison-45m-a-saint-jean-brevelay-saint-jean-brevelay,56222,https://www.etreproprio.com/annonces/th.lc56222-r0.odd.g1#list,91500.0,Saint-Jean-Brevelay 56660,45.0,778,3.0,2033.0
Maison 54m² à saint-jean-brevelay,https://www.etreproprio.com/immobilier-23389567-vente-maison-54m-a-saint-jean-brevelay-saint-jean-brevelay,56222,https://www.etreproprio.com/annonces/th.lc56222-r0.odd.g1#list,120000.0,Saint-Jean-Brevelay 56660,54.0,1 100,4.0,2222.0
St jean de brevelay,https://www.etreproprio.com/immobilier-22555415-vente-st-jean-de-brevelay-saint-jean-brevelay,56222,https://www.etreproprio.com/annonces/th.lc56222-r0.odd.g1#list,614800.0,Saint-Jean-Brevelay 56660,184.0,84 080,6.0,3341.0
Maison 136m² à saint-jean-brevelay,https://www.etreproprio.com/immobilier-21663084-vente-maison-136m-a-saint-jean-brevelay-saint-jean-brevelay,56222,https://www.etreproprio.com/annonces/th.lc56222-r0.odd.g1#list,273000.0,Saint-Jean-Brevelay 56660,136.0,593,6.0,2007.0
Maison 110m² à saint-jean-la-poterie,https://www.etreproprio.com/immobilier-23786551-vente-maison-110m-a-saint-jean-la-poterie-saint-jean-la-poterie,56223,https://www.etreproprio.com/annonces/th.lc56223-r0.odd.g1#list,230000.0,Saint-Jean-La-Poterie 56350,110.0,775,6.0,2091.0
Maison à vendre 6 pièces saint jean la poterie (56),https://www.etreproprio.com/immobilier-23127568-vente-maison-a-vendre-6-pieces-saint-jean-la-poterie-56-saint-jean-la-poterie,56223,https://www.etreproprio.com/annonces/th.lc56223-r0.odd.g1#list,232000.0,Saint-Jean-La-Poterie 56350,109.0,775,6.0,2128.0
Maison familiale avec serre bioclimatique et dépendance,https://www.etreproprio.com/immobilier-23653352-vente-maison-familiale-avec-serre-bioclimatique-et-dependance-saint-jean-la-poterie,56223,https://www.etreproprio.com/annonces/th.lc56223-r0.odd.g1#list,299500.0,Saint-Jean-La-Poterie 56350,177.0,910,6.0,1692.0
Maison 137m² à saint-jean-la-poterie,https://www.etreproprio.com/immobilier-23649620-vente-maison-137m-a-saint-jean-la-poterie-saint-jean-la-poterie,56223,https://www.etreproprio.com/annonces/th.lc56223-r0.odd.g1#list,340000.0,Saint-Jean-La-Poterie 56350,137.0,,6.0,2482.0
Maison saint jean la poterie 9 pièce(s) 195 m2,https://www.etreproprio.com/immobilier-23374810-vente-maison-saint-jean-la-poterie-9-pieces-195-m2-saint-jean-la-poterie,56223,https://www.etreproprio.com/annonces/th.lc56223-r0.odd.g1#list,321790.0,Saint-Jean-La-Poterie 56350,195.0,2 455,9.0,1650.0
Maison 251m² à saint-jean-la-poterie,https://www.etreproprio.com/immobilier-23640146-vente-maison-251m-a-saint-jean-la-poterie-saint-jean-la-poterie,56223,https://www.etreproprio.com/annonces/th.lc56223-r0.odd.g1#list,392000.0,Saint-Jean-La-Poterie 56350,251.0,4 844,10.0,1562.0
Maison 174m² à saint-jean-la-poterie,https://www.etreproprio.com/immobilier-23621268-vente-maison-174m-a-saint-jean-la-poterie-saint-jean-la-poterie,56223,https://www.etreproprio.com/annonces/th.lc56223-r0.odd.g1#list,300000.0,Saint-Jean-La-Poterie 56350,174.0,910,7.0,1724.0
Maison 421m² à saint-jean-la-poterie,https://www.etreproprio.com/immobilier-22805816-vente-maison-421m-a-saint-jean-la-poterie-saint-jean-la-poterie,56223,https://www.etreproprio.com/annonces/th.lc56223-r0.odd.g1#list,740000.0,Saint-Jean-La-Poterie 56350,421.0,239 271,15.0,1758.0
Maison saint jean la poterie 6 pièce(s) 111 m2,https://www.etreproprio.com/immobilier-23257461-vente-maison-saint-jean-la-poterie-6-pieces-111-m2-saint-jean-la-poterie,56223,https://www.etreproprio.com/annonces/th.lc56223-r0.odd.g1#list,162000.0,Saint-Jean-La-Poterie 56350,114.0,372,6.0,1421.0
Maison 251m² à saint-jean-la-poterie,https://www.etreproprio.com/immobilier-23526492-vente-maison-251m-a-saint-jean-la-poterie-saint-jean-la-poterie,56223,https://www.etreproprio.com/annonces/th.lc56223-r0.odd.g1#list,390000.0,Saint-Jean-La-Poterie 56350,251.0,4 844,10.0,1554.0
Maison 114m² à saint-jean-la-poterie,https://www.etreproprio.com/immobilier-23166797-vente-maison-114m-a-saint-jean-la-poterie-saint-jean-la-poterie,56223,https://www.etreproprio.com/annonces/th.lc56223-r0.odd.g1#list,162000.0,Saint-Jean-La-Poterie 56350,114.0,372,6.0,1421.0
Maison 115m² à saint-jean-la-poterie,https://www.etreproprio.com/immobilier-22749304-vente-maison-115m-a-saint-jean-la-poterie-saint-jean-la-poterie,56223,https://www.etreproprio.com/annonces/th.lc56223-r0.odd.g1#list,203500.0,Saint-Jean-La-Poterie 56350,115.0,7 474,4.0,1770.0
Maison à vendre 8 pièces saint jean la poterie (56),https://www.etreproprio.com/immobilier-22225420-vente-maison-a-vendre-8-pieces-saint-jean-la-poterie-56-saint-jean-la-poterie,56223,https://www.etreproprio.com/annonces/th.lc56223-r0.odd.g1#list,498000.0,Saint-Jean-La-Poterie 56350,186.0,4 142,8.0,2677.0
Maison saint jean la poterie 4 pièce(s) 90 m2,https://www.etreproprio.com/immobilier-20884901-vente-maison-saint-jean-la-poterie-4-pieces-90-m2-saint-jean-la-poterie,56223,https://www.etreproprio.com/annonces/th.lc56223-r0.odd.g1#list,252000.0,Saint-Jean-La-Poterie 56350,90.0,1 117,4.0,2800.0
Maison familiale 5 pièces 121 m2 avec garage,https://www.etreproprio.com/immobilier-22608426-vente-maison-familiale-5-pieces-121-m2-avec-garage-saint-laurent-sur-oust,56224,https://www.etreproprio.com/annonces/th.lc56224-r0.odd.g1#list,147900.0,Saint-Laurent-Sur-Oust 56140,121.0,645,5.0,1222.0
Maison 121m² à saint-laurent-sur-oust,https://www.etreproprio.com/immobilier-22603227-vente-maison-121m-a-saint-laurent-sur-oust-saint-laurent-sur-oust,56224,https://www.etreproprio.com/annonces/th.lc56224-r0.odd.g1#list,147900.0,Saint-Laurent-Sur-Oust 56140,121.0,645,5.0,1222.0
Maison t3 de 62m² st laurent sur oust,https://www.etreproprio.com/immobilier-21756313-vente-maison-t3-de-62m-st-laurent-sur-oust-saint-laurent-sur-oust,56224,https://www.etreproprio.com/annonces/th.lc56224-r0.odd.g1#list,73440.0,Saint-Laurent-Sur-Oust 56140,62.0,382,3.0,1185.0
Maison 113m² à saint-lery,https://www.etreproprio.com/immobilier-23472386-vente-maison-113m-a-saint-lery-saint-lery,56225,https://www.etreproprio.com/annonces/th.lc56225-r0.odd.g1#list,189500.0,Saint-Lery 56430,113.0,631,6.0,1677.0
Batisse à renover avec grand terrain de 2541m2,https://www.etreproprio.com/immobilier-23297486-vente-batisse-a-renover-avec-grand-terrain-de-2541m2-saint-malo-de-beignon,56226,https://www.etreproprio.com/annonces/th.lc56226-r0.odd.g1#list,45100.0,Saint-Malo-De-Beignon 56380,25.0,2 541,1.0,1804.0
Maison saint malo des trois fontaines 7 pièce(s) 136 m2,https://www.etreproprio.com/immobilier-23828086-vente-maison-saint-malo-des-trois-fontaines-7-pieces-136-m2-saint-malo-des-trois-fontaines,56227,https://www.etreproprio.com/annonces/th.lc56227-r0.odd.g1#list,117150.0,Saint-Malo-Des-Trois-Fontaines 56490,134.0,463,7.0,874.0
Maison 144m² à saint-malo-des-trois-fontaines,https://www.etreproprio.com/immobilier-23130086-vente-maison-144m-a-saint-malo-des-trois-fontaines-saint-malo-des-trois-fontaines,56227,https://www.etreproprio.com/annonces/th.lc56227-r0.odd.g1#list,226000.0,Saint-Malo-Des-Trois-Fontaines 56490,144.0,2 653,5.0,1569.0
Maison 145m² à saint-malo-des-trois-fontaines,https://www.etreproprio.com/immobilier-22125405-vente-maison-145m-a-saint-malo-des-trois-fontaines-saint-malo-des-trois-fontaines,56227,https://www.etreproprio.com/annonces/th.lc56227-r0.odd.g1#list,226000.0,Saint-Malo-Des-Trois-Fontaines 56490,145.0,2 000,5.0,1559.0
Vente maison saint-malo-des-trois-fontaines(56490) 64 800ï¿œ,https://www.etreproprio.com/immobilier-19661344-vente-vente-maison-saint-malo-des-trois-fontaines56490-64-800i-oe-saint-malo-des-trois-fontaines,56227,https://www.etreproprio.com/annonces/th.lc56227-r0.odd.g1#list,64800.0,Saint-Malo-Des-Trois-Fontaines 56490,157.0,900,4.0,413.0
Maison 5 pièces saint-malo-des-3-fontaines 56490,https://www.etreproprio.com/immobilier-21963701-vente-maison-5-pieces-saint-malo-des-3-fontaines-56490-saint-malo-des-trois-fontaines,56227,https://www.etreproprio.com/annonces/th.lc56227-r0.odd.g1#list,226500.0,Saint-Malo-Des-Trois-Fontaines 56490,143.0,,5.0,1584.0
Vente maison saint-malo-des-trois-fontaines(56490) 29 000ï¿œ,https://www.etreproprio.com/immobilier-23109164-vente-vente-maison-saint-malo-des-trois-fontaines56490-29-000i-oe-saint-malo-des-trois-fontaines,56227,https://www.etreproprio.com/annonces/th.lc56227-r0.odd.g1#list,29000.0,Saint-Malo-Des-Trois-Fontaines 56490,120.0,1 900,2.0,242.0
Maison 92m² à saint-malo-des-trois-fontaines,https://www.etreproprio.com/immobilier-23103643-vente-maison-92m-a-saint-malo-des-trois-fontaines-saint-malo-des-trois-fontaines,56227,https://www.etreproprio.com/annonces/th.lc56227-r0.odd.g1#list,151360.0,Saint-Malo-Des-Trois-Fontaines 56490,92.0,600,5.0,1645.0
Maison saint malo des trois fontaines 4 pièce(s) 168 m2,https://www.etreproprio.com/immobilier-22715755-vente-maison-saint-malo-des-trois-fontaines-4-pieces-168-m2-saint-malo-des-trois-fontaines,56227,https://www.etreproprio.com/annonces/th.lc56227-r0.odd.g1#list,199810.0,Saint-Malo-Des-Trois-Fontaines 56490,168.0,1 640,5.0,1189.0
Maison saint malo des trois fontaines 4 pièce(s) 154 m2,https://www.etreproprio.com/immobilier-19755574-vente-maison-saint-malo-des-trois-fontaines-4-pieces-154-m2-saint-malo-des-trois-fontaines,56227,https://www.etreproprio.com/annonces/th.lc56227-r0.odd.g1#list,66585.0,Saint-Malo-Des-Trois-Fontaines 56490,154.0,960,4.0,432.0
Maison 205m² à saint-malo-des-trois-fontaines,https://www.etreproprio.com/immobilier-21522053-vente-maison-205m-a-saint-malo-des-trois-fontaines-saint-malo-des-trois-fontaines,56227,https://www.etreproprio.com/annonces/th.lc56227-r0.odd.g1#list,199000.0,Saint-Malo-Des-Trois-Fontaines 56490,205.0,8 684,10.0,971.0
"Charmante maison familiale en pierre, au coeur du bourg de saint-malo-des-trois-fontaines",https://www.etreproprio.com/immobilier-20134324-vente-charmante-maison-familiale-en-pierre-au-coeur-du-bourg-de-saint-malo-des-trois-fontaines-saint-malo-des-trois-fontaines,56227,https://www.etreproprio.com/annonces/th.lc56227-r0.odd.g1#list,227800.0,Saint-Malo-Des-Trois-Fontaines 56490,169.0,1 471,7.0,1348.0
Maison neuve : plain-pied de 5 pièces sur saint marcel (56),https://www.etreproprio.com/immobilier-22380997-vente-maison-neuve-plain-pied-de-5-pieces-sur-saint-marcel-56-saint-marcel,56228,https://www.etreproprio.com/annonces/th.lc56228-r0.odd.g1#list,403650.0,Saint-Marcel 56140,125.0,2 020,5.0,3229.0
Maison 5 pièces,https://www.etreproprio.com/immobilier-22355288-vente-maison-5-pieces-saint-marcel,56228,https://www.etreproprio.com/annonces/th.lc56228-r0.odd.g1#list,403500.0,Saint-Marcel 56140,125.0,2 020,5.0,3228.0
Maison 145m² à saint-marcel,https://www.etreproprio.com/immobilier-23319748-vente-maison-145m-a-saint-marcel-saint-marcel,56228,https://www.etreproprio.com/annonces/th.lc56228-r0.odd.g1#list,368500.0,Saint-Marcel 56140,145.0,889,7.0,2541.0
Maison 125m² à saint-marcel,https://www.etreproprio.com/immobilier-21733400-vente-maison-125m-a-saint-marcel-saint-marcel,56228,https://www.etreproprio.com/annonces/th.lc56228-r0.odd.g1#list,369770.0,Saint-Marcel 56140,125.0,889,7.0,2958.0
Maison et gites,https://www.etreproprio.com/immobilier-23451262-vente-maison-et-gites-saint-martin,56229,https://www.etreproprio.com/annonces/th.lc56229-r0.odd.g1#list,253500.0,Saint-Martin 56200,200.0,8 436,12.0,1268.0
grande maison familiale sur 3 niveaux avec hangar + terrain de 2622 m² – à 3 min du centre de saint-martin-sur-oust – aucun tra,https://www.etreproprio.com/immobilier-23838793-vente-grande-maison-familiale-sur-3-niveaux-avec-hangar-terrain-de-2622-m-a-3-min-du-centre-de-saint-martin-sur-oust-aucun-tra-saint-martin,56229,https://www.etreproprio.com/annonces/th.lc56229-r0.odd.g1#list,299000.0,Saint-Martin 56200,200.0,2 622,7.0,1495.0
Maison à vendre 6 pièces plus dépendances à fort potentiel sur saint martin sur oust (56),https://www.etreproprio.com/immobilier-21691002-vente-maison-a-vendre-6-pieces-plus-dependances-a-fort-potentiel-sur-saint-martin-sur-oust-56-saint-martin,56229,https://www.etreproprio.com/annonces/th.lc56229-r0.odd.g1#list,189000.0,Saint-Martin 56200,113.0,881,6.0,1673.0
Maison  8 pièce(s) 126 m2 saint martin sur oust,https://www.etreproprio.com/immobilier-23053813-vente-maison-8-pieces-126-m2-saint-martin-sur-oust-saint-martin,56229,https://www.etreproprio.com/annonces/th.lc56229-r0.odd.g1#list,195000.0,Saint-Martin 56200,126.0,930,8.0,1548.0
Maison familiale 6 pièces 150 m2,https://www.etreproprio.com/immobilier-22481837-vente-maison-familiale-6-pieces-150-m2-saint-martin,56229,https://www.etreproprio.com/annonces/th.lc56229-r0.odd.g1#list,172400.0,Saint-Martin 56200,150.0,145,5.0,1149.0
Maison 150m² à saint-martin,https://www.etreproprio.com/immobilier-22466828-vente-maison-150m-a-saint-martin-saint-martin,56229,https://www.etreproprio.com/annonces/th.lc56229-r0.odd.g1#list,172400.0,Saint-Martin 56200,150.0,145,5.0,1149.0
Maison 156m² à saint-martin,https://www.etreproprio.com/immobilier-22401639-vente-maison-156m-a-saint-martin-saint-martin,56229,https://www.etreproprio.com/annonces/th.lc56229-r0.odd.g1#list,171150.0,Saint-Martin 56200,156.0,,6.0,1097.0
Commerce et habitation 170m² t8 à st martin sur oust,https://www.etreproprio.com/immobilier-22354921-vente-commerce-et-habitation-170m-t8-a-st-martin-sur-oust-saint-martin,56229,https://www.etreproprio.com/annonces/th.lc56229-r0.odd.g1#list,159000.0,Saint-Martin 56200,170.0,1 212,8.0,935.0
Maison 3 pièces à rénover,https://www.etreproprio.com/immobilier-21391148-vente-maison-3-pieces-a-renover-saint-martin,56229,https://www.etreproprio.com/annonces/th.lc56229-r0.odd.g1#list,51400.0,Saint-Martin 56200,125.0,,3.0,411.0
Maison saint martin sur oust 4 pièce(s) 103 m2,https://www.etreproprio.com/immobilier-22200480-vente-maison-saint-martin-sur-oust-4-pieces-103-m2-saint-martin,56229,https://www.etreproprio.com/annonces/th.lc56229-r0.odd.g1#list,151990.0,Saint-Martin 56200,103.0,210,4.0,1476.0
"Saint-martin sur oust 56200 - maison pierre 2 chambres, véranda, jardin clos et garage",https://www.etreproprio.com/immobilier-22112642-vente-saint-martin-sur-oust-56200-maison-pierre-2-chambres-veranda-jardin-clos-et-garage-saint-martin,56229,https://www.etreproprio.com/annonces/th.lc56229-r0.odd.g1#list,169600.0,Saint-Martin 56200,87.0,590,3.0,1949.0
Maison à vendre 7 pièces saint martin sur oust (56),https://www.etreproprio.com/immobilier-22062299-vente-maison-a-vendre-7-pieces-saint-martin-sur-oust-56-saint-martin,56229,https://www.etreproprio.com/annonces/th.lc56229-r0.odd.g1#list,170824.0,Saint-Martin 56200,150.0,203,7.0,1139.0
Maison d'habitation saint-martin sur oust 120 m2,https://www.etreproprio.com/immobilier-22032174-vente-maison-d-habitation-saint-martin-sur-oust-120-m2-saint-martin,56229,https://www.etreproprio.com/annonces/th.lc56229-r0.odd.g1#list,148400.0,Saint-Martin 56200,120.0,212,4.0,1237.0
"Longère à rénover, 124 m2 sur terrain clos de 1857 m2, saint martin sur oust (56200)",https://www.etreproprio.com/immobilier-20949155-vente-longere-a-renover-124-m2-sur-terrain-clos-de-1857-m2-saint-martin-sur-oust-56200-saint-martin,56229,https://www.etreproprio.com/annonces/th.lc56229-r0.odd.g1#list,96300.0,Saint-Martin 56200,124.0,1 820,4.0,777.0
"Longère à rénover, 94m2 sur terrain clos de 655 m2, saint martin sur oust (56200)",https://www.etreproprio.com/immobilier-20949154-vente-longere-a-renover-94m2-sur-terrain-clos-de-655-m2-saint-martin-sur-oust-56200-saint-martin,56229,https://www.etreproprio.com/annonces/th.lc56229-r0.odd.g1#list,77000.0,Saint-Martin 56200,94.0,630,4.0,819.0
Maison 100m² à saint-nicolas-du-tertre,https://www.etreproprio.com/immobilier-22461467-vente-maison-100m-a-saint-nicolas-du-tertre-saint-nicolas-du-tertre,56230,https://www.etreproprio.com/annonces/th.lc56230-r0.odd.g1#list,250000.0,Saint-Nicolas-Du-Tertre 56910,100.0,339,4.0,2500.0
Maison saint nicolas du tertre 11 pièce(s) 235 m2,https://www.etreproprio.com/immobilier-22619740-vente-maison-saint-nicolas-du-tertre-11-pieces-235-m2-saint-nicolas-du-tertre,56230,https://www.etreproprio.com/annonces/th.lc56230-r0.odd.g1#list,201400.0,Saint-Nicolas-Du-Tertre 56910,235.0,1 785,11.0,857.0
Maison 135m² à saint-nolff,https://www.etreproprio.com/immobilier-23865501-vente-maison-135m-a-saint-nolff-saint-nolff,56231,https://www.etreproprio.com/annonces/th.lc56231-r0.odd.g1#list,440000.0,Saint-Nolff 56250,135.0,800,7.0,3259.0
Tres belle longere en pierre avec 2 habitations independantes,https://www.etreproprio.com/immobilier-23799560-vente-tres-belle-longere-en-pierre-avec-2-habitations-independantes-saint-nolff,56231,https://www.etreproprio.com/annonces/th.lc56231-r0.odd.g1#list,319950.0,Saint-Nolff 56250,180.0,208,8.0,1778.0
Maison 180m² à saint-nolff,https://www.etreproprio.com/immobilier-23045226-vente-maison-180m-a-saint-nolff-saint-nolff,56231,https://www.etreproprio.com/annonces/th.lc56231-r0.odd.g1#list,321516.0,Saint-Nolff 56250,180.0,208,8.0,1786.0
Belle maison contemporaine de 2024 d'un surface de 103m²,https://www.etreproprio.com/immobilier-23665598-vente-belle-maison-contemporaine-de-2024-d-un-surface-de-103m-saint-nolff,56231,https://www.etreproprio.com/annonces/th.lc56231-r0.odd.g1#list,325000.0,Saint-Nolff 56250,103.0,449,6.0,3155.0
Maison 92m² à saint-nolff,https://www.etreproprio.com/immobilier-23636475-vente-maison-92m-a-saint-nolff-saint-nolff,56231,https://www.etreproprio.com/annonces/th.lc56231-r0.odd.g1#list,283500.0,Saint-Nolff 56250,92.0,759,4.0,3082.0
Maison 75m² à saint-nolff,https://www.etreproprio.com/immobilier-23140966-vente-maison-75m-a-saint-nolff-saint-nolff,56231,https://www.etreproprio.com/annonces/th.lc56231-r0.odd.g1#list,288750.0,Saint-Nolff 56250,75.0,323,6.0,3850.0
Jolie maison nolféenne située au calme !,https://www.etreproprio.com/immobilier-23629342-vente-jolie-maison-nolfeenne-situee-au-calme-saint-nolff,56231,https://www.etreproprio.com/annonces/th.lc56231-r0.odd.g1#list,270000.0,Saint-Nolff 56250,92.0,1 081,5.0,2935.0
"Maison saint nolff  - dilliec - avec jardin, verger",https://www.etreproprio.com/immobilier-23579919-vente-maison-saint-nolff-dilliec-avec-jardin-verger-saint-nolff,56231,https://www.etreproprio.com/annonces/th.lc56231-r0.odd.g1#list,298900.0,Saint-Nolff 56250,130.0,2 500,6.0,2299.0
Maison 135m² à saint-nolff,https://www.etreproprio.com/immobilier-22646036-vente-maison-135m-a-saint-nolff-saint-nolff,56231,https://www.etreproprio.com/annonces/th.lc56231-r0.odd.g1#list,363950.0,Saint-Nolff 56250,135.0,400,6.0,2696.0
Maison 88m² à saint-nolff,https://www.etreproprio.com/immobilier-23464551-vente-maison-88m-a-saint-nolff-saint-nolff,56231,https://www.etreproprio.com/annonces/th.lc56231-r0.odd.g1#list,282400.0,Saint-Nolff 56250,88.0,730,4.0,3209.0
Maison 142m² à saint-nolff,https://www.etreproprio.com/immobilier-23464550-vente-maison-142m-a-saint-nolff-saint-nolff,56231,https://www.etreproprio.com/annonces/th.lc56231-r0.odd.g1#list,365500.0,Saint-Nolff 56250,142.0,400,6.0,2574.0
Maison individuelle,https://www.etreproprio.com/immobilier-23464552-vente-maison-individuelle-saint-nolff,56231,https://www.etreproprio.com/annonces/th.lc56231-r0.odd.g1#list,389000.0,Saint-Nolff 56250,160.0,550,6.0,2431.0
Maison traditionnelle aux portes de vannes !,https://www.etreproprio.com/immobilier-23349458-vente-maison-traditionnelle-aux-portes-de-vannes-saint-nolff,56231,https://www.etreproprio.com/annonces/th.lc56231-r0.odd.g1#list,282400.0,Saint-Nolff 56250,88.0,759,4.0,3209.0
Maison à vendre 5 pièces saint nolff (56),https://www.etreproprio.com/immobilier-23342854-vente-maison-a-vendre-5-pieces-saint-nolff-56-saint-nolff,56231,https://www.etreproprio.com/annonces/th.lc56231-r0.odd.g1#list,282400.0,Saint-Nolff 56250,88.0,759,5.0,3209.0
"Longère ,chaumière 161m2  aux portes de vannes (saint-nolff)",https://www.etreproprio.com/immobilier-23132346-vente-longere-chaumiere-161m2-aux-portes-de-vannes-saint-nolff-saint-nolff,56231,https://www.etreproprio.com/annonces/th.lc56231-r0.odd.g1#list,609000.0,Saint-Nolff 56250,161.0,2 000,6.0,3783.0
Maison 102m² à saint-nolff,https://www.etreproprio.com/immobilier-22910797-vente-maison-102m-a-saint-nolff-saint-nolff,56231,https://www.etreproprio.com/annonces/th.lc56231-r0.odd.g1#list,388960.0,Saint-Nolff 56250,103.0,759,5.0,3776.0
Maison 114m² à saint-nolff,https://www.etreproprio.com/immobilier-23069906-vente-maison-114m-a-saint-nolff-saint-nolff,56231,https://www.etreproprio.com/annonces/th.lc56231-r0.odd.g1#list,323950.0,Saint-Nolff 56250,114.0,441,5.0,2842.0
Maison en pierre au bourg de saint-nolff,https://www.etreproprio.com/immobilier-22567283-vente-maison-en-pierre-au-bourg-de-saint-nolff-saint-nolff,56231,https://www.etreproprio.com/annonces/th.lc56231-r0.odd.g1#list,397480.0,Saint-Nolff 56250,160.0,964,5.0,2484.0
Charmante maison en pierre en campagne nolféenne,https://www.etreproprio.com/immobilier-22427011-vente-charmante-maison-en-pierre-en-campagne-nolfeenne-saint-nolff,56231,https://www.etreproprio.com/annonces/th.lc56231-r0.odd.g1#list,329400.0,Saint-Nolff 56250,110.0,1 831,6.0,2995.0
Beau potentiel pour cette maison nolféenne située au calme !,https://www.etreproprio.com/immobilier-21555349-vente-beau-potentiel-pour-cette-maison-nolfeenne-situee-au-calme-saint-nolff,56231,https://www.etreproprio.com/annonces/th.lc56231-r0.odd.g1#list,282400.0,Saint-Nolff 56250,110.0,815,5.0,2567.0
Maison saint perreux 3 chambres,https://www.etreproprio.com/immobilier-23678201-vente-maison-saint-perreux-3-chambres-saint-perreux,56232,https://www.etreproprio.com/annonces/th.lc56232-r0.odd.g1#list,175890.0,Saint-Perreux 56350,68.0,1 400,5.0,2587.0
Maison 131m² à saint-perreux,https://www.etreproprio.com/immobilier-23280260-vente-maison-131m-a-saint-perreux-saint-perreux,56232,https://www.etreproprio.com/annonces/th.lc56232-r0.odd.g1#list,237000.0,Saint-Perreux 56350,131.0,,4.0,1809.0
Bien d'exception à proximité des plages,https://www.etreproprio.com/immobilier-23885382-vente-bien-d-exception-a-proximite-des-plages-saint-philibert,56233,https://www.etreproprio.com/annonces/th.lc56233-r0.odd.g1#list,1058400.0,Saint-Philibert 56470,165.0,840,5.0,6415.0
Maison à vendre saint-philibert,https://www.etreproprio.com/immobilier-23652613-vente-maison-a-vendre-saint-philibert-saint-philibert,56233,https://www.etreproprio.com/annonces/th.lc56233-r0.odd.g1#list,310000.0,Saint-Philibert 56470,110.0,2 261,5.0,2818.0
A 200 mètres de la plage de men er belleg,https://www.etreproprio.com/immobilier-23845119-vente-a-200-metres-de-la-plage-de-men-er-belleg-saint-philibert,56233,https://www.etreproprio.com/annonces/th.lc56233-r0.odd.g1#list,682500.0,Saint-Philibert 56470,108.0,499,6.0,6319.0
Maison neuve - bourg de saint philibert,https://www.etreproprio.com/immobilier-23604163-vente-maison-neuve-bourg-de-saint-philibert-saint-philibert,56233,https://www.etreproprio.com/annonces/th.lc56233-r0.odd.g1#list,539000.0,Saint-Philibert 56470,95.0,293,4.0,5674.0
Emplacement exceptionnel à 300 m des plages de men er belleg et kernevest,https://www.etreproprio.com/immobilier-21466086-vente-emplacement-exceptionnel-a-300-m-des-plages-de-men-er-belleg-et-kernevest-saint-philibert,56233,https://www.etreproprio.com/annonces/th.lc56233-r0.odd.g1#list,499280.0,Saint-Philibert 56470,98.0,530,6.0,5095.0
Bâtisse à rénover - bourg de saint philibert,https://www.etreproprio.com/immobilier-23516172-vente-batisse-a-renover-bourg-de-saint-philibert-saint-philibert,56233,https://www.etreproprio.com/annonces/th.lc56233-r0.odd.g1#list,273000.0,Saint-Philibert 56470,140.0,437,5.0,1950.0
Maison 3 pièces,https://www.etreproprio.com/immobilier-23474990-vente-maison-3-pieces-saint-philibert,56233,https://www.etreproprio.com/annonces/th.lc56233-r0.odd.g1#list,414900.0,Saint-Philibert 56470,75.0,361,3.0,5532.0
